#CHROM,POS,REF,ALT,Neutral,Geo,MG_CHROM
chr1,139191,C,T,False,True,Pf3D7_01_v3
chr1,140820,A,C,False,True,Pf3D7_01_v3
chr1,455877,A,C,False,True,Pf3D7_01_v3
chr1,472576,A,T,False,True,Pf3D7_01_v3
chr1,472583,A,G,False,True,Pf3D7_01_v3
chr1,480434,G,A,False,True,Pf3D7_01_v3
chr1,489274,A,C,False,True,Pf3D7_01_v3
chr10,108733,C,T,False,True,Pf3D7_10_v3
chr10,113505,C,A,False,True,Pf3D7_10_v3
chr10,113582,A,T,False,True,Pf3D7_10_v3
chr10,115507,G,T,False,True,Pf3D7_10_v3
chr10,116392,G,A,False,True,Pf3D7_10_v3
chr10,122738,G,A,False,True,Pf3D7_10_v3
chr10,325616,A,G,False,True,Pf3D7_10_v3
chr10,377200,A,T,False,True,Pf3D7_10_v3
chr10,414789,T,G,False,True,Pf3D7_10_v3
chr10,454626,C,A,False,True,Pf3D7_10_v3
chr10,557657,T,A,False,True,Pf3D7_10_v3
chr10,561234,A,G,False,True,Pf3D7_10_v3
chr10,565140,T,A,False,True,Pf3D7_10_v3
chr10,565388,C,A,False,True,Pf3D7_10_v3
chr10,653138,C,T,False,True,Pf3D7_10_v3
chr10,658448,T,G,False,True,Pf3D7_10_v3
chr10,662320,T,C,False,True,Pf3D7_10_v3
chr10,663199,G,T,False,True,Pf3D7_10_v3
chr10,669306,C,T,False,True,Pf3D7_10_v3
chr10,669908,C,T,False,True,Pf3D7_10_v3
chr10,670187,A,T,False,True,Pf3D7_10_v3
chr10,735409,G,C,False,True,Pf3D7_10_v3
chr10,797801,G,A,False,True,Pf3D7_10_v3
chr10,883159,C,G,False,True,Pf3D7_10_v3
chr10,1065121,G,A,False,True,Pf3D7_10_v3
chr10,1335457,T,G,False,True,Pf3D7_10_v3
chr10,1339970,A,G,False,True,Pf3D7_10_v3
chr10,1432884,T,C,False,True,Pf3D7_10_v3
chr11,241962,A,T,False,True,Pf3D7_11_v3
chr11,324903,A,G,False,True,Pf3D7_11_v3
chr11,354078,G,A,False,True,Pf3D7_11_v3
chr11,552427,G,A,False,True,Pf3D7_11_v3
chr11,584694,G,T,False,True,Pf3D7_11_v3
chr11,604547,T,C,False,True,Pf3D7_11_v3
chr11,637436,T,A,False,True,Pf3D7_11_v3
chr11,659208,A,G,False,True,Pf3D7_11_v3
chr11,987161,G,C,False,True,Pf3D7_11_v3
chr11,987190,C,A,False,True,Pf3D7_11_v3
chr11,987253,A,T,False,True,Pf3D7_11_v3
chr11,1005477,C,T,False,True,Pf3D7_11_v3
chr11,1006055,G,T,False,True,Pf3D7_11_v3
chr11,1006753,T,C,False,True,Pf3D7_11_v3
chr11,1006784,T,C,False,True,Pf3D7_11_v3
chr11,1006911,A,T,False,True,Pf3D7_11_v3
chr11,1009859,A,G,False,True,Pf3D7_11_v3
chr11,1057437,T,C,False,True,Pf3D7_11_v3
chr11,1058035,T,A,False,True,Pf3D7_11_v3
chr11,1120257,T,C,False,True,Pf3D7_11_v3
chr11,1196007,T,C,False,True,Pf3D7_11_v3
chr11,1275605,C,T,False,True,Pf3D7_11_v3
chr11,1275658,T,A,False,True,Pf3D7_11_v3
chr11,1375053,C,T,False,True,Pf3D7_11_v3
chr11,1375988,T,C,False,True,Pf3D7_11_v3
chr11,1383842,A,C,False,True,Pf3D7_11_v3
chr11,1563321,G,C,False,True,Pf3D7_11_v3
chr11,1749819,A,G,False,True,Pf3D7_11_v3
chr11,1945955,G,A,False,True,Pf3D7_11_v3
chr11,1978660,C,T,False,True,Pf3D7_11_v3
chr12,63028,C,A,False,True,Pf3D7_12_v3
chr12,63177,C,G,False,True,Pf3D7_12_v3
chr12,63243,C,T,False,True,Pf3D7_12_v3
chr12,63268,C,T,False,True,Pf3D7_12_v3
chr12,63322,G,T,False,True,Pf3D7_12_v3
chr12,91711,A,G,False,True,Pf3D7_12_v3
chr12,379979,T,C,False,True,Pf3D7_12_v3
chr12,532133,C,T,False,True,Pf3D7_12_v3
chr12,670814,G,A,False,True,Pf3D7_12_v3
chr12,684117,T,G,False,True,Pf3D7_12_v3
chr12,718550,A,C,False,True,Pf3D7_12_v3
chr12,722167,C,G,False,True,Pf3D7_12_v3
chr12,727996,T,A,False,True,Pf3D7_12_v3
chr12,739074,C,T,False,True,Pf3D7_12_v3
chr12,740589,T,C,False,True,Pf3D7_12_v3
chr12,741158,T,C,False,True,Pf3D7_12_v3
chr12,836041,G,C,False,True,Pf3D7_12_v3
chr12,847568,T,A,False,True,Pf3D7_12_v3
chr12,852225,A,C,False,True,Pf3D7_12_v3
chr12,865159,T,A,False,True,Pf3D7_12_v3
chr12,866322,A,T,False,True,Pf3D7_12_v3
chr12,892211,A,G,False,True,Pf3D7_12_v3
chr12,892338,C,A,False,True,Pf3D7_12_v3
chr12,892798,G,A,False,True,Pf3D7_12_v3
chr12,907264,A,G,False,True,Pf3D7_12_v3
chr12,909160,A,T,False,True,Pf3D7_12_v3
chr12,913124,A,T,False,True,Pf3D7_12_v3
chr12,920666,C,T,False,True,Pf3D7_12_v3
chr12,928407,T,C,False,True,Pf3D7_12_v3
chr12,931372,C,T,False,True,Pf3D7_12_v3
chr12,935411,T,G,False,True,Pf3D7_12_v3
chr12,938341,G,A,False,True,Pf3D7_12_v3
chr12,941821,A,G,False,True,Pf3D7_12_v3
chr12,944249,A,G,False,True,Pf3D7_12_v3
chr12,946348,A,G,False,True,Pf3D7_12_v3
chr12,946416,T,C,False,True,Pf3D7_12_v3
chr12,953362,C,A,False,True,Pf3D7_12_v3
chr12,959248,G,T,False,True,Pf3D7_12_v3
chr12,960073,T,C,False,True,Pf3D7_12_v3
chr12,979388,G,T,False,True,Pf3D7_12_v3
chr12,980434,A,T,False,True,Pf3D7_12_v3
chr12,989679,T,C,False,True,Pf3D7_12_v3
chr12,1002681,T,C,False,True,Pf3D7_12_v3
chr12,1005696,G,C,False,True,Pf3D7_12_v3
chr12,1008584,A,G,False,True,Pf3D7_12_v3
chr12,1014046,T,A,False,True,Pf3D7_12_v3
chr12,1014802,A,T,False,True,Pf3D7_12_v3
chr12,1015328,C,T,False,True,Pf3D7_12_v3
chr12,1042965,T,G,False,True,Pf3D7_12_v3
chr12,1043449,C,T,False,True,Pf3D7_12_v3
chr12,1048769,G,A,False,True,Pf3D7_12_v3
chr12,1051589,G,A,False,True,Pf3D7_12_v3
chr12,1059078,G,T,False,True,Pf3D7_12_v3
chr12,1087957,C,T,False,True,Pf3D7_12_v3
chr12,1089105,G,T,False,True,Pf3D7_12_v3
chr12,1089166,C,T,False,True,Pf3D7_12_v3
chr12,1116285,T,A,False,True,Pf3D7_12_v3
chr12,1116289,A,G,False,True,Pf3D7_12_v3
chr12,1193349,C,T,False,True,Pf3D7_12_v3
chr12,1197074,T,A,False,True,Pf3D7_12_v3
chr12,1392124,T,A,False,True,Pf3D7_12_v3
chr12,1449503,C,T,False,True,Pf3D7_12_v3
chr12,1559859,T,A,False,True,Pf3D7_12_v3
chr12,1615391,C,G,False,True,Pf3D7_12_v3
chr12,1623758,T,C,False,True,Pf3D7_12_v3
chr12,1792353,A,C,False,True,Pf3D7_12_v3
chr12,1798551,T,A,False,True,Pf3D7_12_v3
chr12,1811233,G,A,False,True,Pf3D7_12_v3
chr12,1996827,T,A,False,True,Pf3D7_12_v3
chr12,1997660,G,T,False,True,Pf3D7_12_v3
chr12,2035576,C,T,False,True,Pf3D7_12_v3
chr12,2151902,T,C,False,True,Pf3D7_12_v3
chr13,169780,G,A,False,True,Pf3D7_13_v3
chr13,192183,C,A,False,True,Pf3D7_13_v3
chr13,480781,C,A,False,True,Pf3D7_13_v3
chr13,531261,G,C,False,True,Pf3D7_13_v3
chr13,852849,C,A,False,True,Pf3D7_13_v3
chr13,861503,G,A,False,True,Pf3D7_13_v3
chr13,944480,G,C,False,True,Pf3D7_13_v3
chr13,1004961,T,C,False,True,Pf3D7_13_v3
chr13,1013674,G,T,False,True,Pf3D7_13_v3
chr13,1150583,G,A,False,True,Pf3D7_13_v3
chr13,1175513,G,A,False,True,Pf3D7_13_v3
chr13,1257063,A,G,False,True,Pf3D7_13_v3
chr13,1311128,C,A,False,True,Pf3D7_13_v3
chr13,1362388,G,C,False,True,Pf3D7_13_v3
chr13,1406752,G,T,False,True,Pf3D7_13_v3
chr13,1429067,T,G,False,True,Pf3D7_13_v3
chr13,1482708,C,T,False,True,Pf3D7_13_v3
chr13,1659533,A,G,False,True,Pf3D7_13_v3
chr13,1734408,T,C,False,True,Pf3D7_13_v3
chr13,1745728,A,G,False,True,Pf3D7_13_v3
chr13,1793653,C,T,False,True,Pf3D7_13_v3
chr13,1866470,G,T,False,True,Pf3D7_13_v3
chr13,1868682,G,A,False,True,Pf3D7_13_v3
chr13,1876423,A,T,False,True,Pf3D7_13_v3
chr13,1876601,G,C,False,True,Pf3D7_13_v3
chr13,1876606,T,C,False,True,Pf3D7_13_v3
chr13,1879380,T,A,False,True,Pf3D7_13_v3
chr13,1879381,T,A,False,True,Pf3D7_13_v3
chr13,1879631,T,A,False,True,Pf3D7_13_v3
chr13,1880114,T,A,False,True,Pf3D7_13_v3
chr13,1882346,G,T,False,True,Pf3D7_13_v3
chr13,1910058,C,A,False,True,Pf3D7_13_v3
chr13,2021487,T,A,False,True,Pf3D7_13_v3
chr13,2022295,A,T,False,True,Pf3D7_13_v3
chr13,2043114,T,G,False,True,Pf3D7_13_v3
chr13,2124676,T,C,False,True,Pf3D7_13_v3
chr13,2124825,T,A,False,True,Pf3D7_13_v3
chr13,2341466,T,G,False,True,Pf3D7_13_v3
chr13,2341610,A,G,False,True,Pf3D7_13_v3
chr13,2352397,A,T,False,True,Pf3D7_13_v3
chr13,2415386,C,A,False,True,Pf3D7_13_v3
chr13,2417474,A,G,False,True,Pf3D7_13_v3
chr13,2417849,C,T,False,True,Pf3D7_13_v3
chr13,2479113,C,G,False,True,Pf3D7_13_v3
chr13,2479509,G,A,False,True,Pf3D7_13_v3
chr13,2481108,C,G,False,True,Pf3D7_13_v3
chr13,2481275,C,G,False,True,Pf3D7_13_v3
chr13,2512452,C,A,False,True,Pf3D7_13_v3
chr13,2600907,A,T,False,True,Pf3D7_13_v3
chr13,2669191,T,A,False,True,Pf3D7_13_v3
chr13,2669640,T,A,False,True,Pf3D7_13_v3
chr13,2675894,C,A,False,True,Pf3D7_13_v3
chr13,2761811,A,C,False,True,Pf3D7_13_v3
chr14,47596,C,G,False,True,Pf3D7_14_v3
chr14,120299,T,C,False,True,Pf3D7_14_v3
chr14,150273,A,G,False,True,Pf3D7_14_v3
chr14,150276,G,A,False,True,Pf3D7_14_v3
chr14,161286,G,T,False,True,Pf3D7_14_v3
chr14,203062,T,G,False,True,Pf3D7_14_v3
chr14,299794,G,A,False,True,Pf3D7_14_v3
chr14,421429,G,T,False,True,Pf3D7_14_v3
chr14,421549,G,A,False,True,Pf3D7_14_v3
chr14,421552,A,G,False,True,Pf3D7_14_v3
chr14,421848,A,G,False,True,Pf3D7_14_v3
chr14,422158,A,T,False,True,Pf3D7_14_v3
chr14,512987,G,A,False,True,Pf3D7_14_v3
chr14,513814,A,G,False,True,Pf3D7_14_v3
chr14,564266,G,T,False,True,Pf3D7_14_v3
chr14,832594,T,C,False,True,Pf3D7_14_v3
chr14,969251,A,G,False,True,Pf3D7_14_v3
chr14,1036865,A,G,False,True,Pf3D7_14_v3
chr14,1269832,G,T,False,True,Pf3D7_14_v3
chr14,1294114,G,T,False,True,Pf3D7_14_v3
chr14,1300698,G,A,False,True,Pf3D7_14_v3
chr14,1305484,T,C,False,True,Pf3D7_14_v3
chr14,1323647,C,A,False,True,Pf3D7_14_v3
chr14,1325549,C,T,False,True,Pf3D7_14_v3
chr14,1326562,T,G,False,True,Pf3D7_14_v3
chr14,1362090,A,G,False,True,Pf3D7_14_v3
chr14,1398727,T,C,False,True,Pf3D7_14_v3
chr14,1402049,T,C,False,True,Pf3D7_14_v3
chr14,1473534,A,T,False,True,Pf3D7_14_v3
chr14,1475248,T,A,False,True,Pf3D7_14_v3
chr14,1481872,A,T,False,True,Pf3D7_14_v3
chr14,1482057,C,A,False,True,Pf3D7_14_v3
chr14,1582136,G,T,False,True,Pf3D7_14_v3
chr14,1623775,A,G,False,True,Pf3D7_14_v3
chr14,1629711,A,C,False,True,Pf3D7_14_v3
chr14,1657395,C,T,False,True,Pf3D7_14_v3
chr14,1660970,T,G,False,True,Pf3D7_14_v3
chr14,1663902,A,G,False,True,Pf3D7_14_v3
chr14,1665655,G,T,False,True,Pf3D7_14_v3
chr14,1665794,T,C,False,True,Pf3D7_14_v3
chr14,1671322,C,A,False,True,Pf3D7_14_v3
chr14,1672361,A,T,False,True,Pf3D7_14_v3
chr14,1672649,G,A,False,True,Pf3D7_14_v3
chr14,1694073,C,G,False,True,Pf3D7_14_v3
chr14,1728301,T,A,False,True,Pf3D7_14_v3
chr14,1728847,A,G,False,True,Pf3D7_14_v3
chr14,1744760,A,T,False,True,Pf3D7_14_v3
chr14,1792962,G,A,False,True,Pf3D7_14_v3
chr14,1816447,A,G,False,True,Pf3D7_14_v3
chr14,1822892,T,C,False,True,Pf3D7_14_v3
chr14,1872907,A,T,False,True,Pf3D7_14_v3
chr14,1956202,T,C,False,True,Pf3D7_14_v3
chr14,1956408,A,T,False,True,Pf3D7_14_v3
chr14,1984194,C,T,False,True,Pf3D7_14_v3
chr14,2035675,C,G,False,True,Pf3D7_14_v3
chr14,2521956,T,A,False,True,Pf3D7_14_v3
chr14,2602038,T,C,False,True,Pf3D7_14_v3
chr14,2625887,C,G,False,True,Pf3D7_14_v3
chr14,2658199,A,T,False,True,Pf3D7_14_v3
chr14,2762933,T,A,False,True,Pf3D7_14_v3
chr14,2846037,A,G,False,True,Pf3D7_14_v3
chr14,2959716,G,T,False,True,Pf3D7_14_v3
chr14,3088522,T,A,False,True,Pf3D7_14_v3
chr14,3126005,T,A,False,True,Pf3D7_14_v3
chr14,3140314,G,C,False,True,Pf3D7_14_v3
chr2,278862,C,G,False,True,Pf3D7_02_v3
chr2,278864,C,A,False,True,Pf3D7_02_v3
chr2,290569,T,A,False,True,Pf3D7_02_v3
chr2,292382,A,T,False,True,Pf3D7_02_v3
chr2,297021,A,G,False,True,Pf3D7_02_v3
chr2,366771,G,A,False,True,Pf3D7_02_v3
chr2,367271,A,T,False,True,Pf3D7_02_v3
chr2,375098,G,A,False,True,Pf3D7_02_v3
chr2,375135,T,A,False,True,Pf3D7_02_v3
chr2,375427,G,A,False,True,Pf3D7_02_v3
chr2,375838,G,A,False,True,Pf3D7_02_v3
chr2,375922,T,A,False,True,Pf3D7_02_v3
chr2,376045,A,G,False,True,Pf3D7_02_v3
chr2,376222,A,G,False,True,Pf3D7_02_v3
chr2,379046,C,T,False,True,Pf3D7_02_v3
chr2,519370,G,A,False,True,Pf3D7_02_v3
chr2,519382,A,G,False,True,Pf3D7_02_v3
chr2,579278,A,T,False,True,Pf3D7_02_v3
chr2,608790,A,G,False,True,Pf3D7_02_v3
chr2,614962,A,G,False,True,Pf3D7_02_v3
chr2,615318,C,T,False,True,Pf3D7_02_v3
chr2,617482,C,T,False,True,Pf3D7_02_v3
chr2,623111,T,C,False,True,Pf3D7_02_v3
chr2,623146,T,C,False,True,Pf3D7_02_v3
chr2,628750,G,T,False,True,Pf3D7_02_v3
chr2,629060,T,C,False,True,Pf3D7_02_v3
chr2,629375,C,G,False,True,Pf3D7_02_v3
chr2,629996,C,A,False,True,Pf3D7_02_v3
chr2,630135,C,T,False,True,Pf3D7_02_v3
chr2,630150,T,C,False,True,Pf3D7_02_v3
chr2,630420,T,C,False,True,Pf3D7_02_v3
chr2,630450,C,G,False,True,Pf3D7_02_v3
chr2,630545,C,T,False,True,Pf3D7_02_v3
chr2,630710,G,A,False,True,Pf3D7_02_v3
chr2,630737,C,T,False,True,Pf3D7_02_v3
chr2,630990,G,T,False,True,Pf3D7_02_v3
chr2,631092,T,C,False,True,Pf3D7_02_v3
chr2,631190,T,A,False,True,Pf3D7_02_v3
chr2,641228,A,G,False,True,Pf3D7_02_v3
chr2,641789,A,G,False,True,Pf3D7_02_v3
chr2,658046,C,G,False,True,Pf3D7_02_v3
chr2,658385,C,T,False,True,Pf3D7_02_v3
chr2,798866,A,G,False,True,Pf3D7_02_v3
chr2,798907,C,T,False,True,Pf3D7_02_v3
chr2,799420,T,C,False,True,Pf3D7_02_v3
chr2,813895,T,A,False,True,Pf3D7_02_v3
chr2,813896,A,C,False,True,Pf3D7_02_v3
chr2,814288,C,T,False,True,Pf3D7_02_v3
chr2,814329,A,G,False,True,Pf3D7_02_v3
chr2,814702,A,G,False,True,Pf3D7_02_v3
chr3,140020,T,C,False,True,Pf3D7_03_v3
chr3,442821,T,C,False,True,Pf3D7_03_v3
chr3,444950,A,T,False,True,Pf3D7_03_v3
chr3,469760,C,T,False,True,Pf3D7_03_v3
chr3,474002,T,C,False,True,Pf3D7_03_v3
chr3,563024,G,A,False,True,Pf3D7_03_v3
chr3,622763,G,C,False,True,Pf3D7_03_v3
chr3,689280,T,G,False,True,Pf3D7_03_v3
chr3,775498,G,A,False,True,Pf3D7_03_v3
chr3,776823,G,T,False,True,Pf3D7_03_v3
chr3,783697,C,T,False,True,Pf3D7_03_v3
chr3,788401,G,C,False,True,Pf3D7_03_v3
chr3,804929,T,A,False,True,Pf3D7_03_v3
chr3,805130,G,A,False,True,Pf3D7_03_v3
chr3,807785,T,A,False,True,Pf3D7_03_v3
chr3,826589,G,A,False,True,Pf3D7_03_v3
chr3,827158,A,T,False,True,Pf3D7_03_v3
chr3,827900,A,T,False,True,Pf3D7_03_v3
chr3,827914,A,G,False,True,Pf3D7_03_v3
chr3,830833,T,C,False,True,Pf3D7_03_v3
chr3,836094,G,T,False,True,Pf3D7_03_v3
chr3,844117,A,T,False,True,Pf3D7_03_v3
chr3,849667,A,G,False,True,Pf3D7_03_v3
chr3,849691,G,T,False,True,Pf3D7_03_v3
chr3,849850,C,T,False,True,Pf3D7_03_v3
chr3,851712,C,A,False,True,Pf3D7_03_v3
chr3,853052,T,C,False,True,Pf3D7_03_v3
chr3,897800,C,G,False,True,Pf3D7_03_v3
chr4,110012,C,A,False,True,Pf3D7_04_v3
chr4,124690,T,C,False,True,Pf3D7_04_v3
chr4,138491,A,G,False,True,Pf3D7_04_v3
chr4,141896,G,A,False,True,Pf3D7_04_v3
chr4,242143,G,C,False,True,Pf3D7_04_v3
chr4,249905,C,G,False,True,Pf3D7_04_v3
chr4,306875,C,T,False,True,Pf3D7_04_v3
chr4,413424,C,T,False,True,Pf3D7_04_v3
chr4,415158,G,A,False,True,Pf3D7_04_v3
chr4,485881,A,T,False,True,Pf3D7_04_v3
chr4,731095,A,C,False,True,Pf3D7_04_v3
chr4,739967,C,T,False,True,Pf3D7_04_v3
chr4,741600,T,C,False,True,Pf3D7_04_v3
chr4,748262,T,C,False,True,Pf3D7_04_v3
chr4,767099,T,G,False,True,Pf3D7_04_v3
chr4,771505,A,G,False,True,Pf3D7_04_v3
chr4,802705,G,A,False,True,Pf3D7_04_v3
chr4,884153,T,G,False,True,Pf3D7_04_v3
chr4,884558,G,A,False,True,Pf3D7_04_v3
chr4,1065176,C,T,False,True,Pf3D7_04_v3
chr4,1065188,C,G,False,True,Pf3D7_04_v3
chr4,1071662,C,T,False,True,Pf3D7_04_v3
chr4,1082657,T,G,False,True,Pf3D7_04_v3
chr4,1083502,G,C,False,True,Pf3D7_04_v3
chr4,1083505,A,G,False,True,Pf3D7_04_v3
chr4,1089818,G,T,False,True,Pf3D7_04_v3
chr4,1113532,C,A,False,True,Pf3D7_04_v3
chr4,1113552,A,T,False,True,Pf3D7_04_v3
chr4,1121457,C,G,False,True,Pf3D7_04_v3
chr4,1121472,T,A,False,True,Pf3D7_04_v3
chr4,1122147,A,C,False,True,Pf3D7_04_v3
chr4,1123679,A,T,False,True,Pf3D7_04_v3
chr4,1124303,C,T,False,True,Pf3D7_04_v3
chr4,1124379,A,G,False,True,Pf3D7_04_v3
chr4,1125973,A,G,False,True,Pf3D7_04_v3
chr5,242645,G,A,False,True,Pf3D7_05_v3
chr5,286141,T,G,False,True,Pf3D7_05_v3
chr5,287018,T,G,False,True,Pf3D7_05_v3
chr5,303419,T,C,False,True,Pf3D7_05_v3
chr5,318096,T,C,False,True,Pf3D7_05_v3
chr5,325026,G,A,False,True,Pf3D7_05_v3
chr5,325030,A,G,False,True,Pf3D7_05_v3
chr5,360322,G,A,False,True,Pf3D7_05_v3
chr5,367065,A,G,False,True,Pf3D7_05_v3
chr5,370984,T,G,False,True,Pf3D7_05_v3
chr5,384494,T,G,False,True,Pf3D7_05_v3
chr5,402624,A,G,False,True,Pf3D7_05_v3
chr5,402768,A,G,False,True,Pf3D7_05_v3
chr5,480337,A,C,False,True,Pf3D7_05_v3
chr5,482336,T,C,False,True,Pf3D7_05_v3
chr5,575556,C,T,False,True,Pf3D7_05_v3
chr5,613888,C,T,False,True,Pf3D7_05_v3
chr5,632372,T,A,False,True,Pf3D7_05_v3
chr5,648378,G,A,False,True,Pf3D7_05_v3
chr5,697513,A,G,False,True,Pf3D7_05_v3
chr5,765857,T,C,False,True,Pf3D7_05_v3
chr5,772671,T,A,False,True,Pf3D7_05_v3
chr5,776125,T,C,False,True,Pf3D7_05_v3
chr5,783503,C,T,False,True,Pf3D7_05_v3
chr5,787141,A,T,False,True,Pf3D7_05_v3
chr5,803584,A,G,False,True,Pf3D7_05_v3
chr5,806896,C,T,False,True,Pf3D7_05_v3
chr5,814159,C,A,False,True,Pf3D7_05_v3
chr5,826882,A,G,False,True,Pf3D7_05_v3
chr5,829676,T,A,False,True,Pf3D7_05_v3
chr5,836456,C,A,False,True,Pf3D7_05_v3
chr5,838933,T,C,False,True,Pf3D7_05_v3
chr5,842922,A,G,False,True,Pf3D7_05_v3
chr5,843390,T,A,False,True,Pf3D7_05_v3
chr5,844730,G,A,False,True,Pf3D7_05_v3
chr5,860853,G,A,False,True,Pf3D7_05_v3
chr5,878669,T,C,False,True,Pf3D7_05_v3
chr5,889725,C,T,False,True,Pf3D7_05_v3
chr5,893494,A,G,False,True,Pf3D7_05_v3
chr5,908694,C,G,False,True,Pf3D7_05_v3
chr5,911244,A,G,False,True,Pf3D7_05_v3
chr5,911820,C,T,False,True,Pf3D7_05_v3
chr5,912158,C,A,False,True,Pf3D7_05_v3
chr5,912856,G,A,False,True,Pf3D7_05_v3
chr5,913028,A,G,False,True,Pf3D7_05_v3
chr5,913473,A,T,False,True,Pf3D7_05_v3
chr5,914345,G,A,False,True,Pf3D7_05_v3
chr5,919062,C,T,False,True,Pf3D7_05_v3
chr5,920940,A,G,False,True,Pf3D7_05_v3
chr5,929348,A,T,False,True,Pf3D7_05_v3
chr5,929755,G,A,False,True,Pf3D7_05_v3
chr5,931503,T,A,False,True,Pf3D7_05_v3
chr5,933062,T,C,False,True,Pf3D7_05_v3
chr5,935006,T,C,False,True,Pf3D7_05_v3
chr5,941359,T,G,False,True,Pf3D7_05_v3
chr5,949342,A,G,False,True,Pf3D7_05_v3
chr5,958145,A,T,False,True,Pf3D7_05_v3
chr5,960046,C,T,False,True,Pf3D7_05_v3
chr5,961625,G,T,False,True,Pf3D7_05_v3
chr5,971977,G,A,False,True,Pf3D7_05_v3
chr5,973734,A,G,False,True,Pf3D7_05_v3
chr5,978914,A,G,False,True,Pf3D7_05_v3
chr5,979239,A,T,False,True,Pf3D7_05_v3
chr5,979877,T,G,False,True,Pf3D7_05_v3
chr5,981740,A,T,False,True,Pf3D7_05_v3
chr5,984614,G,C,False,True,Pf3D7_05_v3
chr5,1009091,A,C,False,True,Pf3D7_05_v3
chr5,1011550,C,A,False,True,Pf3D7_05_v3
chr5,1037173,A,T,False,True,Pf3D7_05_v3
chr5,1038270,G,T,False,True,Pf3D7_05_v3
chr5,1042252,G,A,False,True,Pf3D7_05_v3
chr5,1042561,T,G,False,True,Pf3D7_05_v3
chr5,1042766,A,T,False,True,Pf3D7_05_v3
chr5,1043303,G,A,False,True,Pf3D7_05_v3
chr5,1065356,T,C,False,True,Pf3D7_05_v3
chr5,1066372,A,T,False,True,Pf3D7_05_v3
chr5,1069392,T,A,False,True,Pf3D7_05_v3
chr5,1105159,T,G,False,True,Pf3D7_05_v3
chr5,1108238,A,G,False,True,Pf3D7_05_v3
chr5,1108422,A,C,False,True,Pf3D7_05_v3
chr5,1108445,G,T,False,True,Pf3D7_05_v3
chr5,1109432,A,G,False,True,Pf3D7_05_v3
chr5,1114182,A,G,False,True,Pf3D7_05_v3
chr6,237194,T,G,False,True,Pf3D7_06_v3
chr6,312414,G,C,False,True,Pf3D7_06_v3
chr6,378245,C,T,False,True,Pf3D7_06_v3
chr6,379446,T,G,False,True,Pf3D7_06_v3
chr6,380234,G,A,False,True,Pf3D7_06_v3
chr6,382976,G,C,False,True,Pf3D7_06_v3
chr6,389754,A,G,False,True,Pf3D7_06_v3
chr6,390001,G,A,False,True,Pf3D7_06_v3
chr6,635935,T,G,False,True,Pf3D7_06_v3
chr6,636044,A,C,False,True,Pf3D7_06_v3
chr6,664888,G,T,False,True,Pf3D7_06_v3
chr6,685240,G,A,False,True,Pf3D7_06_v3
chr6,687394,T,C,False,True,Pf3D7_06_v3
chr6,697009,A,T,False,True,Pf3D7_06_v3
chr6,842714,G,A,False,True,Pf3D7_06_v3
chr6,842727,C,A,False,True,Pf3D7_06_v3
chr6,851530,C,G,False,True,Pf3D7_06_v3
chr6,851736,C,T,False,True,Pf3D7_06_v3
chr6,951402,G,T,False,True,Pf3D7_06_v3
chr6,966409,A,T,False,True,Pf3D7_06_v3
chr6,981146,A,T,False,True,Pf3D7_06_v3
chr6,984431,C,T,False,True,Pf3D7_06_v3
chr6,985434,T,G,False,True,Pf3D7_06_v3
chr6,993300,G,T,False,True,Pf3D7_06_v3
chr6,1007592,G,A,False,True,Pf3D7_06_v3
chr6,1017274,G,C,False,True,Pf3D7_06_v3
chr6,1029663,T,C,False,True,Pf3D7_06_v3
chr6,1035326,G,A,False,True,Pf3D7_06_v3
chr6,1048741,T,C,False,True,Pf3D7_06_v3
chr6,1051119,A,G,False,True,Pf3D7_06_v3
chr6,1067690,C,G,False,True,Pf3D7_06_v3
chr6,1091436,A,G,False,True,Pf3D7_06_v3
chr6,1095869,G,T,False,True,Pf3D7_06_v3
chr6,1100815,G,T,False,True,Pf3D7_06_v3
chr6,1115191,A,G,False,True,Pf3D7_06_v3
chr6,1116117,C,G,False,True,Pf3D7_06_v3
chr6,1116592,G,T,False,True,Pf3D7_06_v3
chr6,1117000,T,C,False,True,Pf3D7_06_v3
chr6,1117447,T,G,False,True,Pf3D7_06_v3
chr6,1120459,A,G,False,True,Pf3D7_06_v3
chr6,1121650,C,T,False,True,Pf3D7_06_v3
chr6,1125027,C,A,False,True,Pf3D7_06_v3
chr6,1126423,C,T,False,True,Pf3D7_06_v3
chr6,1129620,T,G,False,True,Pf3D7_06_v3
chr6,1160911,C,A,False,True,Pf3D7_06_v3
chr6,1192690,G,T,False,True,Pf3D7_06_v3
chr6,1193139,A,C,False,True,Pf3D7_06_v3
chr6,1206227,A,T,False,True,Pf3D7_06_v3
chr6,1206498,G,A,False,True,Pf3D7_06_v3
chr6,1207597,G,A,False,True,Pf3D7_06_v3
chr6,1214259,C,G,False,True,Pf3D7_06_v3
chr6,1215233,G,A,False,True,Pf3D7_06_v3
chr6,1224777,T,A,False,True,Pf3D7_06_v3
chr6,1231288,C,T,False,True,Pf3D7_06_v3
chr6,1238829,A,T,False,True,Pf3D7_06_v3
chr6,1240578,T,G,False,True,Pf3D7_06_v3
chr6,1245389,C,G,False,True,Pf3D7_06_v3
chr6,1252816,A,G,False,True,Pf3D7_06_v3
chr6,1260016,A,T,False,True,Pf3D7_06_v3
chr7,105245,C,G,False,True,Pf3D7_07_v3
chr7,105280,C,T,False,True,Pf3D7_07_v3
chr7,105304,T,C,False,True,Pf3D7_07_v3
chr7,105510,C,T,False,True,Pf3D7_07_v3
chr7,370875,A,G,False,True,Pf3D7_07_v3
chr7,375818,T,C,False,True,Pf3D7_07_v3
chr7,377477,C,A,False,True,Pf3D7_07_v3
chr7,383137,A,C,False,True,Pf3D7_07_v3
chr7,383166,C,T,False,True,Pf3D7_07_v3
chr7,385921,C,T,False,True,Pf3D7_07_v3
chr7,391494,T,C,False,True,Pf3D7_07_v3
chr7,403337,G,T,False,True,Pf3D7_07_v3
chr7,403625,A,C,False,True,Pf3D7_07_v3
chr7,405838,G,T,False,True,Pf3D7_07_v3
chr7,406231,C,T,False,True,Pf3D7_07_v3
chr7,408697,A,C,False,True,Pf3D7_07_v3
chr7,408743,G,A,False,True,Pf3D7_07_v3
chr7,410036,A,G,False,True,Pf3D7_07_v3
chr7,410132,C,G,False,True,Pf3D7_07_v3
chr7,411006,A,C,False,True,Pf3D7_07_v3
chr7,411011,T,G,False,True,Pf3D7_07_v3
chr7,411597,A,T,False,True,Pf3D7_07_v3
chr7,412466,A,G,False,True,Pf3D7_07_v3
chr7,414615,A,T,False,True,Pf3D7_07_v3
chr7,415137,C,T,False,True,Pf3D7_07_v3
chr7,416615,T,A,False,True,Pf3D7_07_v3
chr7,417360,C,A,False,True,Pf3D7_07_v3
chr7,420853,T,G,False,True,Pf3D7_07_v3
chr7,420908,C,G,False,True,Pf3D7_07_v3
chr7,420925,G,C,False,True,Pf3D7_07_v3
chr7,421420,G,A,False,True,Pf3D7_07_v3
chr7,421931,C,T,False,True,Pf3D7_07_v3
chr7,421932,C,T,False,True,Pf3D7_07_v3
chr7,426753,A,T,False,True,Pf3D7_07_v3
chr7,430364,T,G,False,True,Pf3D7_07_v3
chr7,432784,T,A,False,True,Pf3D7_07_v3
chr7,726594,A,G,False,True,Pf3D7_07_v3
chr7,726661,T,A,False,True,Pf3D7_07_v3
chr7,729531,C,G,False,True,Pf3D7_07_v3
chr7,730051,G,A,False,True,Pf3D7_07_v3
chr7,730062,A,G,False,True,Pf3D7_07_v3
chr7,730791,G,C,False,True,Pf3D7_07_v3
chr7,731035,C,A,False,True,Pf3D7_07_v3
chr7,816733,A,G,False,True,Pf3D7_07_v3
chr7,817583,G,C,False,True,Pf3D7_07_v3
chr7,886501,C,T,False,True,Pf3D7_07_v3
chr7,905171,C,A,False,True,Pf3D7_07_v3
chr7,956463,A,G,False,True,Pf3D7_07_v3
chr7,1026510,A,G,False,True,Pf3D7_07_v3
chr7,1050972,C,A,False,True,Pf3D7_07_v3
chr7,1053154,G,T,False,True,Pf3D7_07_v3
chr7,1056801,A,T,False,True,Pf3D7_07_v3
chr7,1112029,C,T,False,True,Pf3D7_07_v3
chr7,1133686,T,C,False,True,Pf3D7_07_v3
chr7,1134417,T,A,False,True,Pf3D7_07_v3
chr7,1369199,G,A,False,True,Pf3D7_07_v3
chr8,97831,C,T,False,True,Pf3D7_08_v3
chr8,102094,T,C,False,True,Pf3D7_08_v3
chr8,340367,T,G,False,True,Pf3D7_08_v3
chr8,340944,T,C,False,True,Pf3D7_08_v3
chr8,411361,T,G,False,True,Pf3D7_08_v3
chr8,414715,C,T,False,True,Pf3D7_08_v3
chr8,477797,A,T,False,True,Pf3D7_08_v3
chr8,490710,G,A,False,True,Pf3D7_08_v3
chr8,491465,C,T,False,True,Pf3D7_08_v3
chr8,497184,T,A,False,True,Pf3D7_08_v3
chr8,501572,T,A,False,True,Pf3D7_08_v3
chr8,503494,C,T,False,True,Pf3D7_08_v3
chr8,511014,G,A,False,True,Pf3D7_08_v3
chr8,517675,C,T,False,True,Pf3D7_08_v3
chr8,521529,T,C,False,True,Pf3D7_08_v3
chr8,523869,A,C,False,True,Pf3D7_08_v3
chr8,525973,T,C,False,True,Pf3D7_08_v3
chr8,529764,T,A,False,True,Pf3D7_08_v3
chr8,542281,A,G,False,True,Pf3D7_08_v3
chr8,542477,A,T,False,True,Pf3D7_08_v3
chr8,542685,A,T,False,True,Pf3D7_08_v3
chr8,543476,A,T,False,True,Pf3D7_08_v3
chr8,544529,T,C,False,True,Pf3D7_08_v3
chr8,549666,A,G,False,True,Pf3D7_08_v3
chr8,549681,T,G,False,True,Pf3D7_08_v3
chr8,549685,G,C,False,True,Pf3D7_08_v3
chr8,549993,A,G,False,True,Pf3D7_08_v3
chr8,550212,G,T,False,True,Pf3D7_08_v3
chr8,551179,C,G,False,True,Pf3D7_08_v3
chr8,554173,G,T,False,True,Pf3D7_08_v3
chr8,554401,T,A,False,True,Pf3D7_08_v3
chr8,555547,A,T,False,True,Pf3D7_08_v3
chr8,555660,T,C,False,True,Pf3D7_08_v3
chr8,557087,A,G,False,True,Pf3D7_08_v3
chr8,559809,T,C,False,True,Pf3D7_08_v3
chr8,561907,G,C,False,True,Pf3D7_08_v3
chr8,562548,A,C,False,True,Pf3D7_08_v3
chr8,562617,T,A,False,True,Pf3D7_08_v3
chr8,579963,A,T,False,True,Pf3D7_08_v3
chr8,585466,G,T,False,True,Pf3D7_08_v3
chr8,585841,C,G,False,True,Pf3D7_08_v3
chr8,585854,A,C,False,True,Pf3D7_08_v3
chr8,586054,A,T,False,True,Pf3D7_08_v3
chr8,590906,T,C,False,True,Pf3D7_08_v3
chr8,591422,G,C,False,True,Pf3D7_08_v3
chr8,591455,A,G,False,True,Pf3D7_08_v3
chr8,593626,T,C,False,True,Pf3D7_08_v3
chr8,599367,G,C,False,True,Pf3D7_08_v3
chr8,599634,A,G,False,True,Pf3D7_08_v3
chr8,606655,C,T,False,True,Pf3D7_08_v3
chr8,616058,C,T,False,True,Pf3D7_08_v3
chr8,619138,A,G,False,True,Pf3D7_08_v3
chr8,620010,G,A,False,True,Pf3D7_08_v3
chr8,628698,G,A,False,True,Pf3D7_08_v3
chr8,628911,T,G,False,True,Pf3D7_08_v3
chr8,673827,A,T,False,True,Pf3D7_08_v3
chr8,682301,T,C,False,True,Pf3D7_08_v3
chr8,703454,C,A,False,True,Pf3D7_08_v3
chr8,713998,A,T,False,True,Pf3D7_08_v3
chr8,714198,G,T,False,True,Pf3D7_08_v3
chr8,783960,T,C,False,True,Pf3D7_08_v3
chr8,806841,T,A,False,True,Pf3D7_08_v3
chr8,812784,A,T,False,True,Pf3D7_08_v3
chr8,845787,T,A,False,True,Pf3D7_08_v3
chr8,847329,C,T,False,True,Pf3D7_08_v3
chr8,885980,A,G,False,True,Pf3D7_08_v3
chr8,933060,T,C,False,True,Pf3D7_08_v3
chr8,991389,G,T,False,True,Pf3D7_08_v3
chr8,1001970,C,T,False,True,Pf3D7_08_v3
chr8,1063363,A,G,False,True,Pf3D7_08_v3
chr8,1064970,G,A,False,True,Pf3D7_08_v3
chr8,1147488,C,A,False,True,Pf3D7_08_v3
chr8,1325198,T,C,False,True,Pf3D7_08_v3
chr8,1325396,G,T,False,True,Pf3D7_08_v3
chr8,1344569,T,C,False,True,Pf3D7_08_v3
chr8,1344735,A,T,False,True,Pf3D7_08_v3
chr8,1344737,G,C,False,True,Pf3D7_08_v3
chr9,115178,T,C,False,True,Pf3D7_09_v3
chr9,289408,A,T,False,True,Pf3D7_09_v3
chr9,291211,C,T,False,True,Pf3D7_09_v3
chr9,292704,G,A,False,True,Pf3D7_09_v3
chr9,300174,G,A,False,True,Pf3D7_09_v3
chr9,453522,G,C,False,True,Pf3D7_09_v3
chr9,456109,T,C,False,True,Pf3D7_09_v3
chr9,479660,C,T,False,True,Pf3D7_09_v3
chr9,512326,A,C,False,True,Pf3D7_09_v3
chr9,512739,G,C,False,True,Pf3D7_09_v3
chr9,512763,T,C,False,True,Pf3D7_09_v3
chr9,515904,A,C,False,True,Pf3D7_09_v3
chr9,516978,G,A,False,True,Pf3D7_09_v3
chr9,517008,A,G,False,True,Pf3D7_09_v3
chr9,573256,T,A,False,True,Pf3D7_09_v3
chr9,596674,T,C,False,True,Pf3D7_09_v3
chr9,747558,G,A,False,True,Pf3D7_09_v3
chr9,747864,T,C,False,True,Pf3D7_09_v3
chr9,778075,A,T,False,True,Pf3D7_09_v3
chr9,951261,A,G,False,True,Pf3D7_09_v3
chr9,963651,C,T,False,True,Pf3D7_09_v3
chr9,966860,T,G,False,True,Pf3D7_09_v3
chr9,974114,A,T,False,True,Pf3D7_09_v3
chr9,976640,G,C,False,True,Pf3D7_09_v3
chr9,1076478,T,C,False,True,Pf3D7_09_v3
chr9,1178903,T,C,False,True,Pf3D7_09_v3
chr9,1178963,G,A,False,True,Pf3D7_09_v3
chr9,1179069,G,A,False,True,Pf3D7_09_v3
chr9,1179228,G,A,False,True,Pf3D7_09_v3
chr9,1179855,A,C,False,True,Pf3D7_09_v3
chr9,1206483,C,A,False,True,Pf3D7_09_v3
chr9,1206484,C,A,False,True,Pf3D7_09_v3
chr9,1374376,C,T,False,True,Pf3D7_09_v3
chr9,1379201,C,A,False,True,Pf3D7_09_v3
chr9,1418176,A,G,False,True,Pf3D7_09_v3
chr9,1418612,G,C,False,True,Pf3D7_09_v3
chr9,1419331,C,T,False,True,Pf3D7_09_v3
chr9,1422363,C,T,False,True,Pf3D7_09_v3
chr9,1433411,G,A,False,True,Pf3D7_09_v3
chr9,1433474,G,A,False,True,Pf3D7_09_v3
chr1,100608,A,G,True,False,Pf3D7_01_v3
chr1,138823,C,T,True,False,Pf3D7_01_v3
chr1,155939,G,A,True,False,Pf3D7_01_v3
chr1,155978,C,T,True,False,Pf3D7_01_v3
chr1,159562,A,G,True,False,Pf3D7_01_v3
chr1,167899,C,T,True,False,Pf3D7_01_v3
chr1,182927,T,C,True,False,Pf3D7_01_v3
chr1,205066,G,A,True,False,Pf3D7_01_v3
chr1,239376,G,T,True,False,Pf3D7_01_v3
chr1,244080,T,C,True,False,Pf3D7_01_v3
chr1,308232,C,T,True,False,Pf3D7_01_v3
chr1,308385,G,C,True,False,Pf3D7_01_v3
chr1,309042,C,T,True,False,Pf3D7_01_v3
chr1,349253,A,G,True,False,Pf3D7_01_v3
chr1,397985,G,A,True,False,Pf3D7_01_v3
chr1,487057,C,T,True,False,Pf3D7_01_v3
chr1,497883,A,G,True,False,Pf3D7_01_v3
chr1,498090,A,C,True,False,Pf3D7_01_v3
chr1,506069,A,G,True,False,Pf3D7_01_v3
chr1,532656,G,A,True,False,Pf3D7_01_v3
chr1,534237,C,T,True,False,Pf3D7_01_v3
chr1,536003,T,C,True,False,Pf3D7_01_v3
chr1,536312,A,G,True,False,Pf3D7_01_v3
chr1,536315,T,C,True,False,Pf3D7_01_v3
chr1,537427,A,G,True,False,Pf3D7_01_v3
chr10,92927,T,G,True,False,Pf3D7_10_v3
chr10,93086,A,G,True,False,Pf3D7_10_v3
chr10,112973,A,G,True,False,Pf3D7_10_v3
chr10,129644,G,A,True,False,Pf3D7_10_v3
chr10,146075,C,T,True,False,Pf3D7_10_v3
chr10,169428,T,C,True,False,Pf3D7_10_v3
chr10,189952,T,C,True,False,Pf3D7_10_v3
chr10,190030,C,T,True,False,Pf3D7_10_v3
chr10,222495,G,T,True,False,Pf3D7_10_v3
chr10,223211,G,A,True,False,Pf3D7_10_v3
chr10,225629,G,A,True,False,Pf3D7_10_v3
chr10,238016,A,G,True,False,Pf3D7_10_v3
chr10,240614,C,T,True,False,Pf3D7_10_v3
chr10,317581,A,T,True,False,Pf3D7_10_v3
chr10,334542,T,C,True,False,Pf3D7_10_v3
chr10,341106,A,G,True,False,Pf3D7_10_v3
chr10,361684,A,G,True,False,Pf3D7_10_v3
chr10,375664,T,C,True,False,Pf3D7_10_v3
chr10,377197,T,G,True,False,Pf3D7_10_v3
chr10,382041,C,A,True,False,Pf3D7_10_v3
chr10,424305,A,G,True,False,Pf3D7_10_v3
chr10,425295,C,A,True,False,Pf3D7_10_v3
chr10,456828,C,T,True,False,Pf3D7_10_v3
chr10,464500,A,G,True,False,Pf3D7_10_v3
chr10,558456,C,A,True,False,Pf3D7_10_v3
chr10,574773,T,C,True,False,Pf3D7_10_v3
chr10,595511,G,A,True,False,Pf3D7_10_v3
chr10,638138,T,A,True,False,Pf3D7_10_v3
chr10,638636,T,C,True,False,Pf3D7_10_v3
chr10,638837,C,T,True,False,Pf3D7_10_v3
chr10,699403,A,G,True,False,Pf3D7_10_v3
chr10,714026,G,A,True,False,Pf3D7_10_v3
chr10,716468,C,T,True,False,Pf3D7_10_v3
chr10,754119,G,A,True,False,Pf3D7_10_v3
chr10,759927,C,T,True,False,Pf3D7_10_v3
chr10,797802,A,G,True,False,Pf3D7_10_v3
chr10,821899,G,A,True,False,Pf3D7_10_v3
chr10,964859,A,G,True,False,Pf3D7_10_v3
chr10,992490,G,A,True,False,Pf3D7_10_v3
chr10,1035800,T,C,True,False,Pf3D7_10_v3
chr10,1041222,A,G,True,False,Pf3D7_10_v3
chr10,1063886,G,C,True,False,Pf3D7_10_v3
chr10,1074462,G,A,True,False,Pf3D7_10_v3
chr10,1083764,T,C,True,False,Pf3D7_10_v3
chr10,1128179,T,C,True,False,Pf3D7_10_v3
chr10,1172279,T,C,True,False,Pf3D7_10_v3
chr10,1172282,G,A,True,False,Pf3D7_10_v3
chr10,1235482,A,G,True,False,Pf3D7_10_v3
chr10,1268080,C,T,True,False,Pf3D7_10_v3
chr10,1320083,A,G,True,False,Pf3D7_10_v3
chr10,1320086,G,T,True,False,Pf3D7_10_v3
chr10,1341720,A,G,True,False,Pf3D7_10_v3
chr10,1384706,T,G,True,False,Pf3D7_10_v3
chr10,1385894,C,T,True,False,Pf3D7_10_v3
chr10,1387021,C,T,True,False,Pf3D7_10_v3
chr10,1391657,A,G,True,False,Pf3D7_10_v3
chr10,1391660,G,A,True,False,Pf3D7_10_v3
chr10,1392773,A,G,True,False,Pf3D7_10_v3
chr10,1399269,C,T,True,False,Pf3D7_10_v3
chr10,1414588,C,A,True,False,Pf3D7_10_v3
chr10,1434066,A,C,True,False,Pf3D7_10_v3
chr10,1434072,G,A,True,False,Pf3D7_10_v3
chr10,1434084,C,T,True,False,Pf3D7_10_v3
chr10,1434096,A,G,True,False,Pf3D7_10_v3
chr10,1463519,A,G,True,False,Pf3D7_10_v3
chr10,1498888,A,T,True,False,Pf3D7_10_v3
chr10,1513542,A,G,True,False,Pf3D7_10_v3
chr10,1519673,G,A,True,False,Pf3D7_10_v3
chr10,1551542,T,A,True,False,Pf3D7_10_v3
chr10,1554604,A,G,True,False,Pf3D7_10_v3
chr11,247498,G,C,True,False,Pf3D7_11_v3
chr11,256962,A,T,True,False,Pf3D7_11_v3
chr11,265114,C,T,True,False,Pf3D7_11_v3
chr11,306911,T,C,True,False,Pf3D7_11_v3
chr11,318674,A,G,True,False,Pf3D7_11_v3
chr11,324013,T,C,True,False,Pf3D7_11_v3
chr11,325228,T,C,True,False,Pf3D7_11_v3
chr11,391633,T,C,True,False,Pf3D7_11_v3
chr11,408413,A,G,True,False,Pf3D7_11_v3
chr11,408965,G,T,True,False,Pf3D7_11_v3
chr11,418011,C,T,True,False,Pf3D7_11_v3
chr11,433376,A,G,True,False,Pf3D7_11_v3
chr11,458037,C,T,True,False,Pf3D7_11_v3
chr11,494717,A,G,True,False,Pf3D7_11_v3
chr11,526330,C,T,True,False,Pf3D7_11_v3
chr11,529804,C,T,True,False,Pf3D7_11_v3
chr11,571361,A,G,True,False,Pf3D7_11_v3
chr11,592511,A,G,True,False,Pf3D7_11_v3
chr11,592535,T,C,True,False,Pf3D7_11_v3
chr11,592568,C,T,True,False,Pf3D7_11_v3
chr11,644562,G,A,True,False,Pf3D7_11_v3
chr11,659205,T,C,True,False,Pf3D7_11_v3
chr11,683965,T,C,True,False,Pf3D7_11_v3
chr11,690218,C,A,True,False,Pf3D7_11_v3
chr11,694933,A,G,True,False,Pf3D7_11_v3
chr11,703912,C,T,True,False,Pf3D7_11_v3
chr11,706213,A,T,True,False,Pf3D7_11_v3
chr11,719742,T,G,True,False,Pf3D7_11_v3
chr11,740730,T,C,True,False,Pf3D7_11_v3
chr11,767389,A,G,True,False,Pf3D7_11_v3
chr11,812065,T,C,True,False,Pf3D7_11_v3
chr11,865260,G,A,True,False,Pf3D7_11_v3
chr11,888290,A,G,True,False,Pf3D7_11_v3
chr11,897536,T,C,True,False,Pf3D7_11_v3
chr11,902534,T,C,True,False,Pf3D7_11_v3
chr11,987202,T,C,True,False,Pf3D7_11_v3
chr11,1018965,A,G,True,False,Pf3D7_11_v3
chr11,1019739,G,A,True,False,Pf3D7_11_v3
chr11,1020630,G,A,True,False,Pf3D7_11_v3
chr11,1084422,G,A,True,False,Pf3D7_11_v3
chr11,1100269,G,A,True,False,Pf3D7_11_v3
chr11,1106452,T,C,True,False,Pf3D7_11_v3
chr11,1108310,G,A,True,False,Pf3D7_11_v3
chr11,1114208,A,G,True,False,Pf3D7_11_v3
chr11,1141641,A,G,True,False,Pf3D7_11_v3
chr11,1157111,A,T,True,False,Pf3D7_11_v3
chr11,1181093,G,A,True,False,Pf3D7_11_v3
chr11,1188635,G,A,True,False,Pf3D7_11_v3
chr11,1263156,T,C,True,False,Pf3D7_11_v3
chr11,1287484,A,G,True,False,Pf3D7_11_v3
chr11,1360267,C,T,True,False,Pf3D7_11_v3
chr11,1467529,T,C,True,False,Pf3D7_11_v3
chr11,1508304,A,G,True,False,Pf3D7_11_v3
chr11,1637389,G,A,True,False,Pf3D7_11_v3
chr11,1640669,A,C,True,False,Pf3D7_11_v3
chr11,1659750,C,T,True,False,Pf3D7_11_v3
chr11,1679200,A,G,True,False,Pf3D7_11_v3
chr11,1696137,G,A,True,False,Pf3D7_11_v3
chr11,1752894,A,G,True,False,Pf3D7_11_v3
chr11,1815131,A,G,True,False,Pf3D7_11_v3
chr11,1831402,G,A,True,False,Pf3D7_11_v3
chr11,1887740,T,A,True,False,Pf3D7_11_v3
chr11,1900435,G,T,True,False,Pf3D7_11_v3
chr11,1912576,G,A,True,False,Pf3D7_11_v3
chr11,1942297,G,A,True,False,Pf3D7_11_v3
chr11,1953768,T,C,True,False,Pf3D7_11_v3
chr11,1953780,T,A,True,False,Pf3D7_11_v3
chr11,1953789,A,G,True,False,Pf3D7_11_v3
chr11,2001759,A,G,True,False,Pf3D7_11_v3
chr12,82667,A,T,True,False,Pf3D7_12_v3
chr12,83177,T,C,True,False,Pf3D7_12_v3
chr12,83558,T,C,True,False,Pf3D7_12_v3
chr12,96155,T,C,True,False,Pf3D7_12_v3
chr12,114173,C,T,True,False,Pf3D7_12_v3
chr12,123645,T,C,True,False,Pf3D7_12_v3
chr12,174880,T,C,True,False,Pf3D7_12_v3
chr12,316929,T,A,True,False,Pf3D7_12_v3
chr12,331294,T,C,True,False,Pf3D7_12_v3
chr12,350796,G,A,True,False,Pf3D7_12_v3
chr12,367530,A,G,True,False,Pf3D7_12_v3
chr12,394228,A,T,True,False,Pf3D7_12_v3
chr12,418961,C,A,True,False,Pf3D7_12_v3
chr12,532131,G,T,True,False,Pf3D7_12_v3
chr12,606896,C,T,True,False,Pf3D7_12_v3
chr12,640429,A,T,True,False,Pf3D7_12_v3
chr12,642250,T,C,True,False,Pf3D7_12_v3
chr12,657927,G,A,True,False,Pf3D7_12_v3
chr12,696302,C,T,True,False,Pf3D7_12_v3
chr12,698136,G,T,True,False,Pf3D7_12_v3
chr12,713905,A,G,True,False,Pf3D7_12_v3
chr12,726602,A,G,True,False,Pf3D7_12_v3
chr12,733153,G,A,True,False,Pf3D7_12_v3
chr12,751029,A,G,True,False,Pf3D7_12_v3
chr12,753957,T,C,True,False,Pf3D7_12_v3
chr12,760468,T,A,True,False,Pf3D7_12_v3
chr12,760531,G,T,True,False,Pf3D7_12_v3
chr12,762388,A,T,True,False,Pf3D7_12_v3
chr12,762514,C,T,True,False,Pf3D7_12_v3
chr12,762526,C,T,True,False,Pf3D7_12_v3
chr12,763141,A,C,True,False,Pf3D7_12_v3
chr12,786224,C,T,True,False,Pf3D7_12_v3
chr12,802744,G,C,True,False,Pf3D7_12_v3
chr12,807679,C,T,True,False,Pf3D7_12_v3
chr12,812812,C,T,True,False,Pf3D7_12_v3
chr12,813217,C,T,True,False,Pf3D7_12_v3
chr12,817280,A,G,True,False,Pf3D7_12_v3
chr12,817730,G,A,True,False,Pf3D7_12_v3
chr12,818766,G,A,True,False,Pf3D7_12_v3
chr12,839903,G,A,True,False,Pf3D7_12_v3
chr12,1068851,G,C,True,False,Pf3D7_12_v3
chr12,1075986,C,A,True,False,Pf3D7_12_v3
chr12,1078321,G,A,True,False,Pf3D7_12_v3
chr12,1092523,A,G,True,False,Pf3D7_12_v3
chr12,1116294,C,T,True,False,Pf3D7_12_v3
chr12,1126440,C,T,True,False,Pf3D7_12_v3
chr12,1148572,A,G,True,False,Pf3D7_12_v3
chr12,1156135,T,C,True,False,Pf3D7_12_v3
chr12,1173724,C,G,True,False,Pf3D7_12_v3
chr12,1195282,A,G,True,False,Pf3D7_12_v3
chr12,1212825,T,C,True,False,Pf3D7_12_v3
chr12,1320059,C,T,True,False,Pf3D7_12_v3
chr12,1322498,A,G,True,False,Pf3D7_12_v3
chr12,1387200,C,T,True,False,Pf3D7_12_v3
chr12,1435153,T,C,True,False,Pf3D7_12_v3
chr12,1503030,T,A,True,False,Pf3D7_12_v3
chr12,1515725,G,A,True,False,Pf3D7_12_v3
chr12,1546481,C,T,True,False,Pf3D7_12_v3
chr12,1548884,G,A,True,False,Pf3D7_12_v3
chr12,1663324,A,T,True,False,Pf3D7_12_v3
chr12,1663492,A,G,True,False,Pf3D7_12_v3
chr12,1665622,G,A,True,False,Pf3D7_12_v3
chr12,1673470,G,A,True,False,Pf3D7_12_v3
chr12,1678939,A,G,True,False,Pf3D7_12_v3
chr12,1681129,G,A,True,False,Pf3D7_12_v3
chr12,1681360,A,G,True,False,Pf3D7_12_v3
chr12,1802019,T,A,True,False,Pf3D7_12_v3
chr12,1868677,G,A,True,False,Pf3D7_12_v3
chr12,1887454,C,T,True,False,Pf3D7_12_v3
chr12,1927229,T,C,True,False,Pf3D7_12_v3
chr12,1963992,T,C,True,False,Pf3D7_12_v3
chr12,1964949,G,A,True,False,Pf3D7_12_v3
chr12,2006015,A,G,True,False,Pf3D7_12_v3
chr12,2023575,T,C,True,False,Pf3D7_12_v3
chr12,2046741,A,G,True,False,Pf3D7_12_v3
chr12,2047161,T,G,True,False,Pf3D7_12_v3
chr12,2050146,C,T,True,False,Pf3D7_12_v3
chr12,2062740,A,T,True,False,Pf3D7_12_v3
chr12,2079644,G,A,True,False,Pf3D7_12_v3
chr12,2098567,C,T,True,False,Pf3D7_12_v3
chr12,2116182,G,C,True,False,Pf3D7_12_v3
chr13,155246,G,A,True,False,Pf3D7_13_v3
chr13,156689,C,T,True,False,Pf3D7_13_v3
chr13,194874,C,T,True,False,Pf3D7_13_v3
chr13,236385,C,T,True,False,Pf3D7_13_v3
chr13,256854,T,C,True,False,Pf3D7_13_v3
chr13,290146,T,C,True,False,Pf3D7_13_v3
chr13,301446,C,A,True,False,Pf3D7_13_v3
chr13,309120,T,A,True,False,Pf3D7_13_v3
chr13,341070,C,T,True,False,Pf3D7_13_v3
chr13,365240,T,A,True,False,Pf3D7_13_v3
chr13,398354,A,T,True,False,Pf3D7_13_v3
chr13,410962,A,G,True,False,Pf3D7_13_v3
chr13,483005,G,A,True,False,Pf3D7_13_v3
chr13,503298,A,T,True,False,Pf3D7_13_v3
chr13,530497,T,C,True,False,Pf3D7_13_v3
chr13,536714,G,A,True,False,Pf3D7_13_v3
chr13,595379,A,G,True,False,Pf3D7_13_v3
chr13,613236,T,A,True,False,Pf3D7_13_v3
chr13,640404,T,C,True,False,Pf3D7_13_v3
chr13,714722,T,C,True,False,Pf3D7_13_v3
chr13,722833,T,C,True,False,Pf3D7_13_v3
chr13,738765,A,T,True,False,Pf3D7_13_v3
chr13,756912,A,G,True,False,Pf3D7_13_v3
chr13,758787,A,G,True,False,Pf3D7_13_v3
chr13,769044,A,T,True,False,Pf3D7_13_v3
chr13,815912,T,C,True,False,Pf3D7_13_v3
chr13,815915,C,A,True,False,Pf3D7_13_v3
chr13,815954,G,A,True,False,Pf3D7_13_v3
chr13,817001,T,G,True,False,Pf3D7_13_v3
chr13,931547,A,C,True,False,Pf3D7_13_v3
chr13,934925,A,C,True,False,Pf3D7_13_v3
chr13,935882,A,G,True,False,Pf3D7_13_v3
chr13,1079779,T,C,True,False,Pf3D7_13_v3
chr13,1225494,C,T,True,False,Pf3D7_13_v3
chr13,1230403,A,G,True,False,Pf3D7_13_v3
chr13,1244791,C,T,True,False,Pf3D7_13_v3
chr13,1265571,C,T,True,False,Pf3D7_13_v3
chr13,1350981,C,A,True,False,Pf3D7_13_v3
chr13,1419503,C,T,True,False,Pf3D7_13_v3
chr13,1478081,A,G,True,False,Pf3D7_13_v3
chr13,1599633,A,G,True,False,Pf3D7_13_v3
chr13,1628232,T,C,True,False,Pf3D7_13_v3
chr13,1660920,A,T,True,False,Pf3D7_13_v3
chr13,1682933,A,G,True,False,Pf3D7_13_v3
chr13,1716321,G,A,True,False,Pf3D7_13_v3
chr13,1774926,C,T,True,False,Pf3D7_13_v3
chr13,1861105,T,A,True,False,Pf3D7_13_v3
chr13,1970443,A,G,True,False,Pf3D7_13_v3
chr13,1986165,A,G,True,False,Pf3D7_13_v3
chr13,2044533,G,C,True,False,Pf3D7_13_v3
chr13,2067739,T,C,True,False,Pf3D7_13_v3
chr13,2078454,G,A,True,False,Pf3D7_13_v3
chr13,2083881,T,G,True,False,Pf3D7_13_v3
chr13,2103416,C,T,True,False,Pf3D7_13_v3
chr13,2110966,T,C,True,False,Pf3D7_13_v3
chr13,2266108,C,T,True,False,Pf3D7_13_v3
chr13,2266147,G,A,True,False,Pf3D7_13_v3
chr13,2266150,C,T,True,False,Pf3D7_13_v3
chr13,2266153,T,G,True,False,Pf3D7_13_v3
chr13,2270205,T,C,True,False,Pf3D7_13_v3
chr13,2271599,A,G,True,False,Pf3D7_13_v3
chr13,2302172,A,G,True,False,Pf3D7_13_v3
chr13,2302511,T,C,True,False,Pf3D7_13_v3
chr13,2309427,A,T,True,False,Pf3D7_13_v3
chr13,2323925,T,C,True,False,Pf3D7_13_v3
chr13,2400533,T,C,True,False,Pf3D7_13_v3
chr13,2415839,T,C,True,False,Pf3D7_13_v3
chr13,2475404,A,G,True,False,Pf3D7_13_v3
chr13,2478581,C,T,True,False,Pf3D7_13_v3
chr13,2506752,T,C,True,False,Pf3D7_13_v3
chr13,2529293,T,C,True,False,Pf3D7_13_v3
chr13,2545561,T,C,True,False,Pf3D7_13_v3
chr13,2606427,A,G,True,False,Pf3D7_13_v3
chr13,2640170,T,A,True,False,Pf3D7_13_v3
chr13,2651476,T,G,True,False,Pf3D7_13_v3
chr13,2651632,C,T,True,False,Pf3D7_13_v3
chr13,2655493,G,A,True,False,Pf3D7_13_v3
chr13,2698420,G,A,True,False,Pf3D7_13_v3
chr13,2733606,G,T,True,False,Pf3D7_13_v3
chr14,107014,G,A,True,False,Pf3D7_14_v3
chr14,112128,T,C,True,False,Pf3D7_14_v3
chr14,113975,T,C,True,False,Pf3D7_14_v3
chr14,113980,G,A,True,False,Pf3D7_14_v3
chr14,137622,T,C,True,False,Pf3D7_14_v3
chr14,137691,G,A,True,False,Pf3D7_14_v3
chr14,164833,C,T,True,False,Pf3D7_14_v3
chr14,165436,A,G,True,False,Pf3D7_14_v3
chr14,201791,C,A,True,False,Pf3D7_14_v3
chr14,202130,G,A,True,False,Pf3D7_14_v3
chr14,202238,T,C,True,False,Pf3D7_14_v3
chr14,259286,C,T,True,False,Pf3D7_14_v3
chr14,261295,G,A,True,False,Pf3D7_14_v3
chr14,324097,A,G,True,False,Pf3D7_14_v3
chr14,337415,T,C,True,False,Pf3D7_14_v3
chr14,384345,C,T,True,False,Pf3D7_14_v3
chr14,390353,T,C,True,False,Pf3D7_14_v3
chr14,393389,A,G,True,False,Pf3D7_14_v3
chr14,397871,A,G,True,False,Pf3D7_14_v3
chr14,406995,T,G,True,False,Pf3D7_14_v3
chr14,407424,C,T,True,False,Pf3D7_14_v3
chr14,422319,C,A,True,False,Pf3D7_14_v3
chr14,429723,T,A,True,False,Pf3D7_14_v3
chr14,465265,G,A,True,False,Pf3D7_14_v3
chr14,485973,A,G,True,False,Pf3D7_14_v3
chr14,489229,A,G,True,False,Pf3D7_14_v3
chr14,494376,T,A,True,False,Pf3D7_14_v3
chr14,500484,G,A,True,False,Pf3D7_14_v3
chr14,510022,T,G,True,False,Pf3D7_14_v3
chr14,564690,G,A,True,False,Pf3D7_14_v3
chr14,689116,A,G,True,False,Pf3D7_14_v3
chr14,809810,G,A,True,False,Pf3D7_14_v3
chr14,872802,A,C,True,False,Pf3D7_14_v3
chr14,901969,G,A,True,False,Pf3D7_14_v3
chr14,910628,G,A,True,False,Pf3D7_14_v3
chr14,914115,T,C,True,False,Pf3D7_14_v3
chr14,919511,T,G,True,False,Pf3D7_14_v3
chr14,923791,T,C,True,False,Pf3D7_14_v3
chr14,1034851,C,T,True,False,Pf3D7_14_v3
chr14,1102380,C,T,True,False,Pf3D7_14_v3
chr14,1102389,G,A,True,False,Pf3D7_14_v3
chr14,1102755,T,C,True,False,Pf3D7_14_v3
chr14,1105725,A,G,True,False,Pf3D7_14_v3
chr14,1106139,C,T,True,False,Pf3D7_14_v3
chr14,1111557,C,T,True,False,Pf3D7_14_v3
chr14,1137767,C,T,True,False,Pf3D7_14_v3
chr14,1166314,C,A,True,False,Pf3D7_14_v3
chr14,1171335,A,G,True,False,Pf3D7_14_v3
chr14,1171479,G,A,True,False,Pf3D7_14_v3
chr14,1172694,T,C,True,False,Pf3D7_14_v3
chr14,1179640,T,C,True,False,Pf3D7_14_v3
chr14,1193881,C,T,True,False,Pf3D7_14_v3
chr14,1199242,A,T,True,False,Pf3D7_14_v3
chr14,1227031,C,A,True,False,Pf3D7_14_v3
chr14,1236727,A,G,True,False,Pf3D7_14_v3
chr14,1334365,T,A,True,False,Pf3D7_14_v3
chr14,1336795,T,C,True,False,Pf3D7_14_v3
chr14,1351948,G,A,True,False,Pf3D7_14_v3
chr14,1397764,C,T,True,False,Pf3D7_14_v3
chr14,1454960,C,T,True,False,Pf3D7_14_v3
chr14,1467935,T,C,True,False,Pf3D7_14_v3
chr14,1576037,T,C,True,False,Pf3D7_14_v3
chr14,1656678,G,T,True,False,Pf3D7_14_v3
chr14,1661154,C,T,True,False,Pf3D7_14_v3
chr14,1671537,G,A,True,False,Pf3D7_14_v3
chr14,1745284,A,G,True,False,Pf3D7_14_v3
chr14,1745506,A,T,True,False,Pf3D7_14_v3
chr14,1758840,A,T,True,False,Pf3D7_14_v3
chr14,1775107,T,A,True,False,Pf3D7_14_v3
chr14,1798787,C,T,True,False,Pf3D7_14_v3
chr14,1817108,G,A,True,False,Pf3D7_14_v3
chr14,1823182,G,A,True,False,Pf3D7_14_v3
chr14,1853594,A,G,True,False,Pf3D7_14_v3
chr14,2000031,C,A,True,False,Pf3D7_14_v3
chr14,2000415,C,T,True,False,Pf3D7_14_v3
chr14,2070946,C,T,True,False,Pf3D7_14_v3
chr14,2098642,A,G,True,False,Pf3D7_14_v3
chr14,2124198,C,T,True,False,Pf3D7_14_v3
chr14,2128849,A,C,True,False,Pf3D7_14_v3
chr14,2144375,G,A,True,False,Pf3D7_14_v3
chr14,2160136,G,A,True,False,Pf3D7_14_v3
chr14,2160961,T,C,True,False,Pf3D7_14_v3
chr14,2169240,A,C,True,False,Pf3D7_14_v3
chr14,2196699,T,G,True,False,Pf3D7_14_v3
chr14,2267836,A,G,True,False,Pf3D7_14_v3
chr14,2287572,A,G,True,False,Pf3D7_14_v3
chr14,2331595,C,T,True,False,Pf3D7_14_v3
chr14,2342241,G,A,True,False,Pf3D7_14_v3
chr14,2351869,C,T,True,False,Pf3D7_14_v3
chr14,2442547,G,A,True,False,Pf3D7_14_v3
chr14,2534828,C,T,True,False,Pf3D7_14_v3
chr14,2540639,G,A,True,False,Pf3D7_14_v3
chr14,2619811,C,T,True,False,Pf3D7_14_v3
chr14,2630597,T,C,True,False,Pf3D7_14_v3
chr14,2639935,A,C,True,False,Pf3D7_14_v3
chr14,2669794,T,C,True,False,Pf3D7_14_v3
chr14,2674607,C,T,True,False,Pf3D7_14_v3
chr14,2695875,T,C,True,False,Pf3D7_14_v3
chr14,2695923,G,A,True,False,Pf3D7_14_v3
chr14,2712258,G,A,True,False,Pf3D7_14_v3
chr14,2732630,T,C,True,False,Pf3D7_14_v3
chr14,2733656,C,T,True,False,Pf3D7_14_v3
chr14,2752373,C,T,True,False,Pf3D7_14_v3
chr14,2755887,T,A,True,False,Pf3D7_14_v3
chr14,2856580,G,T,True,False,Pf3D7_14_v3
chr14,2887523,G,A,True,False,Pf3D7_14_v3
chr14,2913485,T,G,True,False,Pf3D7_14_v3
chr14,3043530,A,C,True,False,Pf3D7_14_v3
chr14,3045897,G,A,True,False,Pf3D7_14_v3
chr14,3193605,C,T,True,False,Pf3D7_14_v3
chr14,3194450,C,T,True,False,Pf3D7_14_v3
chr14,3194480,T,A,True,False,Pf3D7_14_v3
chr14,3194492,T,C,True,False,Pf3D7_14_v3
chr14,3240001,G,T,True,False,Pf3D7_14_v3
chr2,199406,G,T,True,False,Pf3D7_02_v3
chr2,206291,A,G,True,False,Pf3D7_02_v3
chr2,207266,C,T,True,False,Pf3D7_02_v3
chr2,222175,T,C,True,False,Pf3D7_02_v3
chr2,276069,C,T,True,False,Pf3D7_02_v3
chr2,278010,G,T,True,False,Pf3D7_02_v3
chr2,292095,T,C,True,False,Pf3D7_02_v3
chr2,310065,C,A,True,False,Pf3D7_02_v3
chr2,320620,T,G,True,False,Pf3D7_02_v3
chr2,320647,G,A,True,False,Pf3D7_02_v3
chr2,322398,A,G,True,False,Pf3D7_02_v3
chr2,322746,T,C,True,False,Pf3D7_02_v3
chr2,322845,G,A,True,False,Pf3D7_02_v3
chr2,322863,C,T,True,False,Pf3D7_02_v3
chr2,323022,T,A,True,False,Pf3D7_02_v3
chr2,372738,C,T,True,False,Pf3D7_02_v3
chr2,375825,A,C,True,False,Pf3D7_02_v3
chr2,401697,G,A,True,False,Pf3D7_02_v3
chr2,480862,A,C,True,False,Pf3D7_02_v3
chr2,501972,A,G,True,False,Pf3D7_02_v3
chr2,503169,T,C,True,False,Pf3D7_02_v3
chr2,504300,A,C,True,False,Pf3D7_02_v3
chr2,512104,T,C,True,False,Pf3D7_02_v3
chr2,516865,C,T,True,False,Pf3D7_02_v3
chr2,549049,C,T,True,False,Pf3D7_02_v3
chr2,550704,C,T,True,False,Pf3D7_02_v3
chr2,554110,G,A,True,False,Pf3D7_02_v3
chr2,558953,A,G,True,False,Pf3D7_02_v3
chr2,651509,A,G,True,False,Pf3D7_02_v3
chr2,671972,A,C,True,False,Pf3D7_02_v3
chr2,693095,T,A,True,False,Pf3D7_02_v3
chr2,694307,A,G,True,False,Pf3D7_02_v3
chr2,709850,C,T,True,False,Pf3D7_02_v3
chr2,712208,A,G,True,False,Pf3D7_02_v3
chr2,797146,A,T,True,False,Pf3D7_02_v3
chr2,800017,G,A,True,False,Pf3D7_02_v3
chr2,800695,A,G,True,False,Pf3D7_02_v3
chr2,805983,A,G,True,False,Pf3D7_02_v3
chr2,839178,C,T,True,False,Pf3D7_02_v3
chr2,839620,T,C,True,False,Pf3D7_02_v3
chr2,841296,C,T,True,False,Pf3D7_02_v3
chr2,841795,T,G,True,False,Pf3D7_02_v3
chr2,841819,C,T,True,False,Pf3D7_02_v3
chr2,845795,C,T,True,False,Pf3D7_02_v3
chr3,71323,T,C,True,False,Pf3D7_03_v3
chr3,104807,A,G,True,False,Pf3D7_03_v3
chr3,104810,A,G,True,False,Pf3D7_03_v3
chr3,106144,A,G,True,False,Pf3D7_03_v3
chr3,109722,G,A,True,False,Pf3D7_03_v3
chr3,117765,C,A,True,False,Pf3D7_03_v3
chr3,124534,C,T,True,False,Pf3D7_03_v3
chr3,140294,T,C,True,False,Pf3D7_03_v3
chr3,140327,C,T,True,False,Pf3D7_03_v3
chr3,140417,C,T,True,False,Pf3D7_03_v3
chr3,140420,A,C,True,False,Pf3D7_03_v3
chr3,140444,G,A,True,False,Pf3D7_03_v3
chr3,140459,T,C,True,False,Pf3D7_03_v3
chr3,142944,G,T,True,False,Pf3D7_03_v3
chr3,183105,T,A,True,False,Pf3D7_03_v3
chr3,185604,C,T,True,False,Pf3D7_03_v3
chr3,205816,C,T,True,False,Pf3D7_03_v3
chr3,241146,T,G,True,False,Pf3D7_03_v3
chr3,282671,A,G,True,False,Pf3D7_03_v3
chr3,285065,T,C,True,False,Pf3D7_03_v3
chr3,302963,A,G,True,False,Pf3D7_03_v3
chr3,341291,A,G,True,False,Pf3D7_03_v3
chr3,354592,T,C,True,False,Pf3D7_03_v3
chr3,361199,C,T,True,False,Pf3D7_03_v3
chr3,363473,C,T,True,False,Pf3D7_03_v3
chr3,363731,A,G,True,False,Pf3D7_03_v3
chr3,489823,G,C,True,False,Pf3D7_03_v3
chr3,507008,G,A,True,False,Pf3D7_03_v3
chr3,507451,C,T,True,False,Pf3D7_03_v3
chr3,509618,G,A,True,False,Pf3D7_03_v3
chr3,510782,A,G,True,False,Pf3D7_03_v3
chr3,514084,T,C,True,False,Pf3D7_03_v3
chr3,645241,G,A,True,False,Pf3D7_03_v3
chr3,654452,G,A,True,False,Pf3D7_03_v3
chr3,674673,C,A,True,False,Pf3D7_03_v3
chr3,679453,G,A,True,False,Pf3D7_03_v3
chr3,680179,G,A,True,False,Pf3D7_03_v3
chr3,683314,C,T,True,False,Pf3D7_03_v3
chr3,730277,A,G,True,False,Pf3D7_03_v3
chr3,749616,A,G,True,False,Pf3D7_03_v3
chr3,750795,T,C,True,False,Pf3D7_03_v3
chr3,750882,A,G,True,False,Pf3D7_03_v3
chr3,752418,A,T,True,False,Pf3D7_03_v3
chr3,756863,G,T,True,False,Pf3D7_03_v3
chr3,777465,A,T,True,False,Pf3D7_03_v3
chr3,796056,T,C,True,False,Pf3D7_03_v3
chr3,831268,T,C,True,False,Pf3D7_03_v3
chr3,879466,A,C,True,False,Pf3D7_03_v3
chr3,887238,T,C,True,False,Pf3D7_03_v3
chr3,888429,G,A,True,False,Pf3D7_03_v3
chr3,892045,C,T,True,False,Pf3D7_03_v3
chr3,896996,G,A,True,False,Pf3D7_03_v3
chr3,916639,C,A,True,False,Pf3D7_03_v3
chr3,916641,A,G,True,False,Pf3D7_03_v3
chr3,916719,C,T,True,False,Pf3D7_03_v3
chr3,917487,T,C,True,False,Pf3D7_03_v3
chr3,920967,A,G,True,False,Pf3D7_03_v3
chr3,924907,G,T,True,False,Pf3D7_03_v3
chr3,943993,G,A,True,False,Pf3D7_03_v3
chr3,946197,G,A,True,False,Pf3D7_03_v3
chr3,988828,G,T,True,False,Pf3D7_03_v3
chr4,130689,A,G,True,False,Pf3D7_04_v3
chr4,139405,A,G,True,False,Pf3D7_04_v3
chr4,143683,C,T,True,False,Pf3D7_04_v3
chr4,143869,A,C,True,False,Pf3D7_04_v3
chr4,144991,G,A,True,False,Pf3D7_04_v3
chr4,187225,C,T,True,False,Pf3D7_04_v3
chr4,208960,G,T,True,False,Pf3D7_04_v3
chr4,358245,C,T,True,False,Pf3D7_04_v3
chr4,390170,C,T,True,False,Pf3D7_04_v3
chr4,418411,A,G,True,False,Pf3D7_04_v3
chr4,450161,C,T,True,False,Pf3D7_04_v3
chr4,487211,A,T,True,False,Pf3D7_04_v3
chr4,508879,T,G,True,False,Pf3D7_04_v3
chr4,514993,A,T,True,False,Pf3D7_04_v3
chr4,515065,G,A,True,False,Pf3D7_04_v3
chr4,515611,A,G,True,False,Pf3D7_04_v3
chr4,515842,C,T,True,False,Pf3D7_04_v3
chr4,516697,A,G,True,False,Pf3D7_04_v3
chr4,521290,C,T,True,False,Pf3D7_04_v3
chr4,521293,A,G,True,False,Pf3D7_04_v3
chr4,529239,C,T,True,False,Pf3D7_04_v3
chr4,529482,T,C,True,False,Pf3D7_04_v3
chr4,538180,C,T,True,False,Pf3D7_04_v3
chr4,544797,T,A,True,False,Pf3D7_04_v3
chr4,623794,G,A,True,False,Pf3D7_04_v3
chr4,625475,C,G,True,False,Pf3D7_04_v3
chr4,630638,A,G,True,False,Pf3D7_04_v3
chr4,630923,C,T,True,False,Pf3D7_04_v3
chr4,635087,C,T,True,False,Pf3D7_04_v3
chr4,659190,C,A,True,False,Pf3D7_04_v3
chr4,668673,A,G,True,False,Pf3D7_04_v3
chr4,673790,A,T,True,False,Pf3D7_04_v3
chr4,683072,A,G,True,False,Pf3D7_04_v3
chr4,684674,T,C,True,False,Pf3D7_04_v3
chr4,691520,A,G,True,False,Pf3D7_04_v3
chr4,692160,G,A,True,False,Pf3D7_04_v3
chr4,776030,A,G,True,False,Pf3D7_04_v3
chr4,781969,G,A,True,False,Pf3D7_04_v3
chr4,787660,A,G,True,False,Pf3D7_04_v3
chr4,788194,C,T,True,False,Pf3D7_04_v3
chr4,788206,G,A,True,False,Pf3D7_04_v3
chr4,788209,C,T,True,False,Pf3D7_04_v3
chr4,789241,T,C,True,False,Pf3D7_04_v3
chr4,791143,A,G,True,False,Pf3D7_04_v3
chr4,793904,G,A,True,False,Pf3D7_04_v3
chr4,794321,T,A,True,False,Pf3D7_04_v3
chr4,797704,C,T,True,False,Pf3D7_04_v3
chr4,831954,A,G,True,False,Pf3D7_04_v3
chr4,832143,T,C,True,False,Pf3D7_04_v3
chr4,835428,T,C,True,False,Pf3D7_04_v3
chr4,836490,C,T,True,False,Pf3D7_04_v3
chr4,838218,C,A,True,False,Pf3D7_04_v3
chr4,839310,A,G,True,False,Pf3D7_04_v3
chr4,848597,T,C,True,False,Pf3D7_04_v3
chr4,856066,T,A,True,False,Pf3D7_04_v3
chr4,856599,A,G,True,False,Pf3D7_04_v3
chr4,860463,T,C,True,False,Pf3D7_04_v3
chr4,865237,C,A,True,False,Pf3D7_04_v3
chr4,865912,T,G,True,False,Pf3D7_04_v3
chr4,887172,C,G,True,False,Pf3D7_04_v3
chr4,889062,A,T,True,False,Pf3D7_04_v3
chr4,897462,C,A,True,False,Pf3D7_04_v3
chr4,898407,A,C,True,False,Pf3D7_04_v3
chr4,899970,T,C,True,False,Pf3D7_04_v3
chr4,910225,G,T,True,False,Pf3D7_04_v3
chr4,920566,G,A,True,False,Pf3D7_04_v3
chr4,925627,G,A,True,False,Pf3D7_04_v3
chr4,927454,A,G,True,False,Pf3D7_04_v3
chr4,930011,A,G,True,False,Pf3D7_04_v3
chr4,932894,A,G,True,False,Pf3D7_04_v3
chr4,933875,T,C,True,False,Pf3D7_04_v3
chr4,989663,G,A,True,False,Pf3D7_04_v3
chr4,992024,G,T,True,False,Pf3D7_04_v3
chr4,1029658,T,A,True,False,Pf3D7_04_v3
chr4,1032346,T,A,True,False,Pf3D7_04_v3
chr4,1032565,T,A,True,False,Pf3D7_04_v3
chr4,1032592,A,G,True,False,Pf3D7_04_v3
chr4,1035493,G,A,True,False,Pf3D7_04_v3
chr4,1035499,A,G,True,False,Pf3D7_04_v3
chr4,1036984,G,A,True,False,Pf3D7_04_v3
chr4,1037890,C,G,True,False,Pf3D7_04_v3
chr4,1038820,C,T,True,False,Pf3D7_04_v3
chr4,1049838,A,G,True,False,Pf3D7_04_v3
chr4,1050905,C,T,True,False,Pf3D7_04_v3
chr4,1095831,G,A,True,False,Pf3D7_04_v3
chr4,1096152,A,C,True,False,Pf3D7_04_v3
chr4,1096167,T,C,True,False,Pf3D7_04_v3
chr4,1097601,T,C,True,False,Pf3D7_04_v3
chr4,1102926,C,T,True,False,Pf3D7_04_v3
chr4,1128499,G,A,True,False,Pf3D7_04_v3
chr5,84637,A,G,True,False,Pf3D7_05_v3
chr5,132132,C,T,True,False,Pf3D7_05_v3
chr5,132201,T,C,True,False,Pf3D7_05_v3
chr5,144161,T,G,True,False,Pf3D7_05_v3
chr5,145385,T,C,True,False,Pf3D7_05_v3
chr5,146696,A,G,True,False,Pf3D7_05_v3
chr5,158020,T,A,True,False,Pf3D7_05_v3
chr5,198142,A,T,True,False,Pf3D7_05_v3
chr5,198958,A,G,True,False,Pf3D7_05_v3
chr5,224735,G,A,True,False,Pf3D7_05_v3
chr5,277520,T,A,True,False,Pf3D7_05_v3
chr5,289916,A,T,True,False,Pf3D7_05_v3
chr5,324155,C,T,True,False,Pf3D7_05_v3
chr5,345188,G,A,True,False,Pf3D7_05_v3
chr5,350933,G,A,True,False,Pf3D7_05_v3
chr5,351005,G,A,True,False,Pf3D7_05_v3
chr5,352439,A,G,True,False,Pf3D7_05_v3
chr5,364200,T,G,True,False,Pf3D7_05_v3
chr5,369740,T,C,True,False,Pf3D7_05_v3
chr5,370000,A,G,True,False,Pf3D7_05_v3
chr5,381640,T,C,True,False,Pf3D7_05_v3
chr5,385372,C,T,True,False,Pf3D7_05_v3
chr5,391225,T,C,True,False,Pf3D7_05_v3
chr5,397372,T,C,True,False,Pf3D7_05_v3
chr5,398584,C,T,True,False,Pf3D7_05_v3
chr5,404998,T,C,True,False,Pf3D7_05_v3
chr5,426361,G,A,True,False,Pf3D7_05_v3
chr5,472369,G,A,True,False,Pf3D7_05_v3
chr5,474904,G,A,True,False,Pf3D7_05_v3
chr5,476050,A,G,True,False,Pf3D7_05_v3
chr5,477271,A,G,True,False,Pf3D7_05_v3
chr5,477676,T,C,True,False,Pf3D7_05_v3
chr5,477900,A,G,True,False,Pf3D7_05_v3
chr5,501445,C,T,True,False,Pf3D7_05_v3
chr5,503395,C,A,True,False,Pf3D7_05_v3
chr5,507871,A,T,True,False,Pf3D7_05_v3
chr5,512965,T,A,True,False,Pf3D7_05_v3
chr5,564993,T,C,True,False,Pf3D7_05_v3
chr5,571202,C,G,True,False,Pf3D7_05_v3
chr5,585378,A,G,True,False,Pf3D7_05_v3
chr5,598347,C,T,True,False,Pf3D7_05_v3
chr5,610142,C,T,True,False,Pf3D7_05_v3
chr5,614723,C,T,True,False,Pf3D7_05_v3
chr5,615420,G,A,True,False,Pf3D7_05_v3
chr5,622364,C,T,True,False,Pf3D7_05_v3
chr5,635277,T,C,True,False,Pf3D7_05_v3
chr5,673560,A,G,True,False,Pf3D7_05_v3
chr5,679399,T,C,True,False,Pf3D7_05_v3
chr5,680745,A,G,True,False,Pf3D7_05_v3
chr5,697362,T,C,True,False,Pf3D7_05_v3
chr5,719091,T,G,True,False,Pf3D7_05_v3
chr5,734301,C,T,True,False,Pf3D7_05_v3
chr5,771157,T,C,True,False,Pf3D7_05_v3
chr5,776283,A,G,True,False,Pf3D7_05_v3
chr5,780325,A,C,True,False,Pf3D7_05_v3
chr5,788823,G,A,True,False,Pf3D7_05_v3
chr5,797269,G,A,True,False,Pf3D7_05_v3
chr5,797338,C,T,True,False,Pf3D7_05_v3
chr5,797395,G,A,True,False,Pf3D7_05_v3
chr5,801588,A,T,True,False,Pf3D7_05_v3
chr5,826855,A,G,True,False,Pf3D7_05_v3
chr5,831871,C,T,True,False,Pf3D7_05_v3
chr5,840339,C,T,True,False,Pf3D7_05_v3
chr5,851719,A,G,True,False,Pf3D7_05_v3
chr5,855823,T,C,True,False,Pf3D7_05_v3
chr5,921466,A,G,True,False,Pf3D7_05_v3
chr5,930435,C,T,True,False,Pf3D7_05_v3
chr5,940677,T,C,True,False,Pf3D7_05_v3
chr5,960409,T,C,True,False,Pf3D7_05_v3
chr5,961096,T,G,True,False,Pf3D7_05_v3
chr5,967820,A,G,True,False,Pf3D7_05_v3
chr5,999556,T,A,True,False,Pf3D7_05_v3
chr5,1007374,G,A,True,False,Pf3D7_05_v3
chr5,1037569,A,G,True,False,Pf3D7_05_v3
chr5,1063005,T,G,True,False,Pf3D7_05_v3
chr5,1071405,A,G,True,False,Pf3D7_05_v3
chr5,1089097,A,G,True,False,Pf3D7_05_v3
chr5,1092309,C,T,True,False,Pf3D7_05_v3
chr5,1136741,T,G,True,False,Pf3D7_05_v3
chr5,1161287,A,G,True,False,Pf3D7_05_v3
chr5,1172818,C,T,True,False,Pf3D7_05_v3
chr5,1178426,C,A,True,False,Pf3D7_05_v3
chr5,1181373,A,G,True,False,Pf3D7_05_v3
chr5,1187684,A,T,True,False,Pf3D7_05_v3
chr5,1187705,G,A,True,False,Pf3D7_05_v3
chr5,1188335,G,A,True,False,Pf3D7_05_v3
chr5,1188491,A,G,True,False,Pf3D7_05_v3
chr5,1188542,T,C,True,False,Pf3D7_05_v3
chr5,1196977,G,A,True,False,Pf3D7_05_v3
chr5,1196989,A,G,True,False,Pf3D7_05_v3
chr5,1283713,G,A,True,False,Pf3D7_05_v3
chr5,1303863,A,G,True,False,Pf3D7_05_v3
chr5,1309298,T,A,True,False,Pf3D7_05_v3
chr6,114520,G,A,True,False,Pf3D7_06_v3
chr6,114745,T,C,True,False,Pf3D7_06_v3
chr6,116629,G,A,True,False,Pf3D7_06_v3
chr6,120018,G,A,True,False,Pf3D7_06_v3
chr6,136342,C,T,True,False,Pf3D7_06_v3
chr6,148827,T,C,True,False,Pf3D7_06_v3
chr6,158543,T,A,True,False,Pf3D7_06_v3
chr6,182965,T,C,True,False,Pf3D7_06_v3
chr6,231858,T,C,True,False,Pf3D7_06_v3
chr6,242392,T,C,True,False,Pf3D7_06_v3
chr6,321567,A,C,True,False,Pf3D7_06_v3
chr6,345483,C,T,True,False,Pf3D7_06_v3
chr6,380877,A,C,True,False,Pf3D7_06_v3
chr6,408976,C,T,True,False,Pf3D7_06_v3
chr6,491628,T,A,True,False,Pf3D7_06_v3
chr6,529076,G,A,True,False,Pf3D7_06_v3
chr6,531935,G,A,True,False,Pf3D7_06_v3
chr6,532304,T,G,True,False,Pf3D7_06_v3
chr6,532523,A,G,True,False,Pf3D7_06_v3
chr6,571121,A,G,True,False,Pf3D7_06_v3
chr6,590606,A,C,True,False,Pf3D7_06_v3
chr6,621173,A,G,True,False,Pf3D7_06_v3
chr6,634139,T,A,True,False,Pf3D7_06_v3
chr6,639086,C,T,True,False,Pf3D7_06_v3
chr6,776260,G,A,True,False,Pf3D7_06_v3
chr6,780026,T,C,True,False,Pf3D7_06_v3
chr6,788021,C,T,True,False,Pf3D7_06_v3
chr6,803395,T,C,True,False,Pf3D7_06_v3
chr6,816606,A,G,True,False,Pf3D7_06_v3
chr6,824200,C,T,True,False,Pf3D7_06_v3
chr6,834400,G,A,True,False,Pf3D7_06_v3
chr6,836560,C,T,True,False,Pf3D7_06_v3
chr6,847198,A,T,True,False,Pf3D7_06_v3
chr6,887805,G,T,True,False,Pf3D7_06_v3
chr6,895391,A,G,True,False,Pf3D7_06_v3
chr6,909069,C,T,True,False,Pf3D7_06_v3
chr6,937752,G,A,True,False,Pf3D7_06_v3
chr6,938238,A,G,True,False,Pf3D7_06_v3
chr6,962327,T,G,True,False,Pf3D7_06_v3
chr6,991899,T,A,True,False,Pf3D7_06_v3
chr6,1002835,A,G,True,False,Pf3D7_06_v3
chr6,1027653,A,G,True,False,Pf3D7_06_v3
chr6,1028182,G,T,True,False,Pf3D7_06_v3
chr6,1040344,G,A,True,False,Pf3D7_06_v3
chr6,1056479,A,G,True,False,Pf3D7_06_v3
chr6,1111541,C,T,True,False,Pf3D7_06_v3
chr6,1114928,A,G,True,False,Pf3D7_06_v3
chr6,1115372,G,A,True,False,Pf3D7_06_v3
chr6,1115453,A,C,True,False,Pf3D7_06_v3
chr6,1116314,T,C,True,False,Pf3D7_06_v3
chr6,1130064,G,A,True,False,Pf3D7_06_v3
chr6,1132350,G,T,True,False,Pf3D7_06_v3
chr6,1136295,T,C,True,False,Pf3D7_06_v3
chr6,1151994,A,G,True,False,Pf3D7_06_v3
chr6,1252136,T,C,True,False,Pf3D7_06_v3
chr6,1256674,A,G,True,False,Pf3D7_06_v3
chr6,1266060,G,A,True,False,Pf3D7_06_v3
chr6,1266600,A,G,True,False,Pf3D7_06_v3
chr6,1267260,T,C,True,False,Pf3D7_06_v3
chr6,1267752,G,A,True,False,Pf3D7_06_v3
chr6,1268187,A,T,True,False,Pf3D7_06_v3
chr6,1268325,G,A,True,False,Pf3D7_06_v3
chr6,1268778,A,G,True,False,Pf3D7_06_v3
chr6,1268973,C,T,True,False,Pf3D7_06_v3
chr6,1280801,G,A,True,False,Pf3D7_06_v3
chr6,1282493,A,G,True,False,Pf3D7_06_v3
chr6,1282691,G,A,True,False,Pf3D7_06_v3
chr6,1282748,C,T,True,False,Pf3D7_06_v3
chr6,1283063,A,G,True,False,Pf3D7_06_v3
chr6,1289212,A,G,True,False,Pf3D7_06_v3
chr6,1291860,A,C,True,False,Pf3D7_06_v3
chr7,125579,T,C,True,False,Pf3D7_07_v3
chr7,157547,C,T,True,False,Pf3D7_07_v3
chr7,157565,A,G,True,False,Pf3D7_07_v3
chr7,157601,G,A,True,False,Pf3D7_07_v3
chr7,162203,C,T,True,False,Pf3D7_07_v3
chr7,194825,G,A,True,False,Pf3D7_07_v3
chr7,199193,C,T,True,False,Pf3D7_07_v3
chr7,203171,T,A,True,False,Pf3D7_07_v3
chr7,204987,T,A,True,False,Pf3D7_07_v3
chr7,226177,A,G,True,False,Pf3D7_07_v3
chr7,226222,A,G,True,False,Pf3D7_07_v3
chr7,227275,C,T,True,False,Pf3D7_07_v3
chr7,228601,G,A,True,False,Pf3D7_07_v3
chr7,264223,A,T,True,False,Pf3D7_07_v3
chr7,276094,T,C,True,False,Pf3D7_07_v3
chr7,298916,G,A,True,False,Pf3D7_07_v3
chr7,344469,T,C,True,False,Pf3D7_07_v3
chr7,354126,C,T,True,False,Pf3D7_07_v3
chr7,358917,T,C,True,False,Pf3D7_07_v3
chr7,378669,G,A,True,False,Pf3D7_07_v3
chr7,384293,A,G,True,False,Pf3D7_07_v3
chr7,392078,T,G,True,False,Pf3D7_07_v3
chr7,409108,C,T,True,False,Pf3D7_07_v3
chr7,411244,T,C,True,False,Pf3D7_07_v3
chr7,411352,C,T,True,False,Pf3D7_07_v3
chr7,417622,T,C,True,False,Pf3D7_07_v3
chr7,418378,G,A,True,False,Pf3D7_07_v3
chr7,419410,G,A,True,False,Pf3D7_07_v3
chr7,419413,A,G,True,False,Pf3D7_07_v3
chr7,420336,A,G,True,False,Pf3D7_07_v3
chr7,426245,G,T,True,False,Pf3D7_07_v3
chr7,430421,A,T,True,False,Pf3D7_07_v3
chr7,430538,A,G,True,False,Pf3D7_07_v3
chr7,430993,G,A,True,False,Pf3D7_07_v3
chr7,431194,G,A,True,False,Pf3D7_07_v3
chr7,431908,A,T,True,False,Pf3D7_07_v3
chr7,433054,T,A,True,False,Pf3D7_07_v3
chr7,433609,A,T,True,False,Pf3D7_07_v3
chr7,438905,G,A,True,False,Pf3D7_07_v3
chr7,449987,C,T,True,False,Pf3D7_07_v3
chr7,450032,A,G,True,False,Pf3D7_07_v3
chr7,450527,T,C,True,False,Pf3D7_07_v3
chr7,450529,G,T,True,False,Pf3D7_07_v3
chr7,450854,G,A,True,False,Pf3D7_07_v3
chr7,451331,C,T,True,False,Pf3D7_07_v3
chr7,455362,G,A,True,False,Pf3D7_07_v3
chr7,455494,A,G,True,False,Pf3D7_07_v3
chr7,456774,G,A,True,False,Pf3D7_07_v3
chr7,461191,C,T,True,False,Pf3D7_07_v3
chr7,464800,C,T,True,False,Pf3D7_07_v3
chr7,465019,C,T,True,False,Pf3D7_07_v3
chr7,469248,A,C,True,False,Pf3D7_07_v3
chr7,469353,A,G,True,False,Pf3D7_07_v3
chr7,470982,A,G,True,False,Pf3D7_07_v3
chr7,471237,T,C,True,False,Pf3D7_07_v3
chr7,472858,C,T,True,False,Pf3D7_07_v3
chr7,472864,A,G,True,False,Pf3D7_07_v3
chr7,473203,G,A,True,False,Pf3D7_07_v3
chr7,475324,G,A,True,False,Pf3D7_07_v3
chr7,483145,A,G,True,False,Pf3D7_07_v3
chr7,489150,C,T,True,False,Pf3D7_07_v3
chr7,489153,T,C,True,False,Pf3D7_07_v3
chr7,489666,C,T,True,False,Pf3D7_07_v3
chr7,492639,T,C,True,False,Pf3D7_07_v3
chr7,495462,T,A,True,False,Pf3D7_07_v3
chr7,497580,A,T,True,False,Pf3D7_07_v3
chr7,501191,G,A,True,False,Pf3D7_07_v3
chr7,505865,G,A,True,False,Pf3D7_07_v3
chr7,506984,C,A,True,False,Pf3D7_07_v3
chr7,507068,A,G,True,False,Pf3D7_07_v3
chr7,612906,A,G,True,False,Pf3D7_07_v3
chr7,614420,C,T,True,False,Pf3D7_07_v3
chr7,614531,T,C,True,False,Pf3D7_07_v3
chr7,614645,C,A,True,False,Pf3D7_07_v3
chr7,618007,T,C,True,False,Pf3D7_07_v3
chr7,619279,G,A,True,False,Pf3D7_07_v3
chr7,619738,T,C,True,False,Pf3D7_07_v3
chr7,619918,G,A,True,False,Pf3D7_07_v3
chr7,619924,T,C,True,False,Pf3D7_07_v3
chr7,619957,G,C,True,False,Pf3D7_07_v3
chr7,620774,T,G,True,False,Pf3D7_07_v3
chr7,627478,C,T,True,False,Pf3D7_07_v3
chr7,628825,T,C,True,False,Pf3D7_07_v3
chr7,631383,G,A,True,False,Pf3D7_07_v3
chr7,635254,C,T,True,False,Pf3D7_07_v3
chr7,635335,G,A,True,False,Pf3D7_07_v3
chr7,674338,A,G,True,False,Pf3D7_07_v3
chr7,678341,G,A,True,False,Pf3D7_07_v3
chr7,691736,C,G,True,False,Pf3D7_07_v3
chr7,692714,T,C,True,False,Pf3D7_07_v3
chr7,699262,G,C,True,False,Pf3D7_07_v3
chr7,700615,T,C,True,False,Pf3D7_07_v3
chr7,704373,A,G,True,False,Pf3D7_07_v3
chr7,705531,A,G,True,False,Pf3D7_07_v3
chr7,706335,T,C,True,False,Pf3D7_07_v3
chr7,725998,G,A,True,False,Pf3D7_07_v3
chr7,732859,T,C,True,False,Pf3D7_07_v3
chr7,736978,A,C,True,False,Pf3D7_07_v3
chr7,743191,T,C,True,False,Pf3D7_07_v3
chr7,744613,C,T,True,False,Pf3D7_07_v3
chr7,774722,T,C,True,False,Pf3D7_07_v3
chr7,796964,T,C,True,False,Pf3D7_07_v3
chr7,814407,G,A,True,False,Pf3D7_07_v3
chr7,844728,G,A,True,False,Pf3D7_07_v3
chr7,880789,A,G,True,False,Pf3D7_07_v3
chr7,884366,C,T,True,False,Pf3D7_07_v3
chr7,884384,T,C,True,False,Pf3D7_07_v3
chr7,894384,C,G,True,False,Pf3D7_07_v3
chr7,905648,G,A,True,False,Pf3D7_07_v3
chr7,910699,A,G,True,False,Pf3D7_07_v3
chr7,932156,T,A,True,False,Pf3D7_07_v3
chr7,990172,T,C,True,False,Pf3D7_07_v3
chr7,1001981,A,G,True,False,Pf3D7_07_v3
chr7,1008272,T,C,True,False,Pf3D7_07_v3
chr7,1011137,T,C,True,False,Pf3D7_07_v3
chr7,1031428,A,G,True,False,Pf3D7_07_v3
chr7,1044052,T,C,True,False,Pf3D7_07_v3
chr7,1048937,T,G,True,False,Pf3D7_07_v3
chr7,1065887,G,A,True,False,Pf3D7_07_v3
chr7,1071621,C,A,True,False,Pf3D7_07_v3
chr7,1093689,T,A,True,False,Pf3D7_07_v3
chr7,1093704,C,T,True,False,Pf3D7_07_v3
chr7,1105526,G,A,True,False,Pf3D7_07_v3
chr7,1111528,G,A,True,False,Pf3D7_07_v3
chr7,1153877,C,T,True,False,Pf3D7_07_v3
chr7,1168247,T,A,True,False,Pf3D7_07_v3
chr7,1170209,T,C,True,False,Pf3D7_07_v3
chr7,1171742,A,G,True,False,Pf3D7_07_v3
chr7,1172507,T,C,True,False,Pf3D7_07_v3
chr7,1234511,C,T,True,False,Pf3D7_07_v3
chr7,1256654,A,G,True,False,Pf3D7_07_v3
chr7,1257296,G,A,True,False,Pf3D7_07_v3
chr7,1269371,C,T,True,False,Pf3D7_07_v3
chr7,1311891,A,G,True,False,Pf3D7_07_v3
chr8,149943,A,T,True,False,Pf3D7_08_v3
chr8,157014,A,G,True,False,Pf3D7_08_v3
chr8,173187,G,A,True,False,Pf3D7_08_v3
chr8,225755,C,T,True,False,Pf3D7_08_v3
chr8,229424,C,T,True,False,Pf3D7_08_v3
chr8,262211,A,T,True,False,Pf3D7_08_v3
chr8,262214,C,T,True,False,Pf3D7_08_v3
chr8,305487,A,T,True,False,Pf3D7_08_v3
chr8,339637,A,T,True,False,Pf3D7_08_v3
chr8,379353,C,T,True,False,Pf3D7_08_v3
chr8,395711,A,G,True,False,Pf3D7_08_v3
chr8,396812,A,G,True,False,Pf3D7_08_v3
chr8,406969,C,T,True,False,Pf3D7_08_v3
chr8,406993,C,T,True,False,Pf3D7_08_v3
chr8,411216,G,A,True,False,Pf3D7_08_v3
chr8,413022,T,C,True,False,Pf3D7_08_v3
chr8,413067,A,G,True,False,Pf3D7_08_v3
chr8,416476,T,C,True,False,Pf3D7_08_v3
chr8,416482,G,A,True,False,Pf3D7_08_v3
chr8,416491,G,A,True,False,Pf3D7_08_v3
chr8,416821,C,T,True,False,Pf3D7_08_v3
chr8,422094,T,C,True,False,Pf3D7_08_v3
chr8,422166,G,A,True,False,Pf3D7_08_v3
chr8,422226,A,C,True,False,Pf3D7_08_v3
chr8,422505,C,T,True,False,Pf3D7_08_v3
chr8,424167,T,C,True,False,Pf3D7_08_v3
chr8,468669,T,C,True,False,Pf3D7_08_v3
chr8,475920,C,T,True,False,Pf3D7_08_v3
chr8,476310,A,T,True,False,Pf3D7_08_v3
chr8,477453,A,G,True,False,Pf3D7_08_v3
chr8,478683,A,T,True,False,Pf3D7_08_v3
chr8,478701,T,G,True,False,Pf3D7_08_v3
chr8,483714,A,G,True,False,Pf3D7_08_v3
chr8,484954,A,G,True,False,Pf3D7_08_v3
chr8,486805,G,A,True,False,Pf3D7_08_v3
chr8,486832,A,G,True,False,Pf3D7_08_v3
chr8,486841,T,C,True,False,Pf3D7_08_v3
chr8,492502,T,A,True,False,Pf3D7_08_v3
chr8,495550,T,C,True,False,Pf3D7_08_v3
chr8,499624,T,G,True,False,Pf3D7_08_v3
chr8,500772,A,T,True,False,Pf3D7_08_v3
chr8,501042,T,C,True,False,Pf3D7_08_v3
chr8,501054,T,C,True,False,Pf3D7_08_v3
chr8,505739,A,G,True,False,Pf3D7_08_v3
chr8,509321,G,A,True,False,Pf3D7_08_v3
chr8,526923,A,C,True,False,Pf3D7_08_v3
chr8,548801,G,A,True,False,Pf3D7_08_v3
chr8,572299,A,G,True,False,Pf3D7_08_v3
chr8,591335,T,C,True,False,Pf3D7_08_v3
chr8,591344,C,T,True,False,Pf3D7_08_v3
chr8,676681,A,G,True,False,Pf3D7_08_v3
chr8,691096,C,T,True,False,Pf3D7_08_v3
chr8,693543,A,G,True,False,Pf3D7_08_v3
chr8,701614,A,G,True,False,Pf3D7_08_v3
chr8,703997,T,C,True,False,Pf3D7_08_v3
chr8,704027,G,T,True,False,Pf3D7_08_v3
chr8,704408,G,T,True,False,Pf3D7_08_v3
chr8,706168,A,G,True,False,Pf3D7_08_v3
chr8,706777,A,T,True,False,Pf3D7_08_v3
chr8,711421,C,T,True,False,Pf3D7_08_v3
chr8,712741,T,C,True,False,Pf3D7_08_v3
chr8,724801,C,T,True,False,Pf3D7_08_v3
chr8,739292,T,G,True,False,Pf3D7_08_v3
chr8,895843,A,G,True,False,Pf3D7_08_v3
chr8,919126,C,T,True,False,Pf3D7_08_v3
chr8,925409,A,G,True,False,Pf3D7_08_v3
chr8,958663,A,G,True,False,Pf3D7_08_v3
chr8,968339,T,C,True,False,Pf3D7_08_v3
chr8,987074,C,T,True,False,Pf3D7_08_v3
chr8,1029921,T,C,True,False,Pf3D7_08_v3
chr8,1058469,T,C,True,False,Pf3D7_08_v3
chr8,1062754,C,T,True,False,Pf3D7_08_v3
chr8,1099695,G,A,True,False,Pf3D7_08_v3
chr8,1100055,G,A,True,False,Pf3D7_08_v3
chr8,1100058,A,G,True,False,Pf3D7_08_v3
chr8,1102025,G,A,True,False,Pf3D7_08_v3
chr8,1103899,T,C,True,False,Pf3D7_08_v3
chr8,1111913,C,T,True,False,Pf3D7_08_v3
chr8,1111945,C,G,True,False,Pf3D7_08_v3
chr8,1113495,G,A,True,False,Pf3D7_08_v3
chr8,1114155,C,T,True,False,Pf3D7_08_v3
chr8,1115375,G,A,True,False,Pf3D7_08_v3
chr8,1116300,A,G,True,False,Pf3D7_08_v3
chr8,1117245,A,T,True,False,Pf3D7_08_v3
chr8,1144251,A,T,True,False,Pf3D7_08_v3
chr8,1171170,T,C,True,False,Pf3D7_08_v3
chr8,1174850,G,A,True,False,Pf3D7_08_v3
chr8,1176413,T,C,True,False,Pf3D7_08_v3
chr8,1178845,C,T,True,False,Pf3D7_08_v3
chr8,1201455,C,T,True,False,Pf3D7_08_v3
chr8,1215502,T,C,True,False,Pf3D7_08_v3
chr8,1297594,A,G,True,False,Pf3D7_08_v3
chr8,1313202,T,C,True,False,Pf3D7_08_v3
chr8,1314033,A,T,True,False,Pf3D7_08_v3
chr8,1315695,T,A,True,False,Pf3D7_08_v3
chr8,1363213,T,C,True,False,Pf3D7_08_v3
chr8,1363222,A,T,True,False,Pf3D7_08_v3
chr8,1363303,T,C,True,False,Pf3D7_08_v3
chr9,95530,T,A,True,False,Pf3D7_09_v3
chr9,123040,A,G,True,False,Pf3D7_09_v3
chr9,150411,A,G,True,False,Pf3D7_09_v3
chr9,156385,G,T,True,False,Pf3D7_09_v3
chr9,156401,T,C,True,False,Pf3D7_09_v3
chr9,157331,A,T,True,False,Pf3D7_09_v3
chr9,157982,T,C,True,False,Pf3D7_09_v3
chr9,159227,C,T,True,False,Pf3D7_09_v3
chr9,225542,C,T,True,False,Pf3D7_09_v3
chr9,225902,A,T,True,False,Pf3D7_09_v3
chr9,248414,T,C,True,False,Pf3D7_09_v3
chr9,283356,T,G,True,False,Pf3D7_09_v3
chr9,283868,A,G,True,False,Pf3D7_09_v3
chr9,302767,T,C,True,False,Pf3D7_09_v3
chr9,375323,T,C,True,False,Pf3D7_09_v3
chr9,464670,T,C,True,False,Pf3D7_09_v3
chr9,492627,C,T,True,False,Pf3D7_09_v3
chr9,494966,C,T,True,False,Pf3D7_09_v3
chr9,541423,G,A,True,False,Pf3D7_09_v3
chr9,586708,A,G,True,False,Pf3D7_09_v3
chr9,596041,A,G,True,False,Pf3D7_09_v3
chr9,596332,G,A,True,False,Pf3D7_09_v3
chr9,597897,A,G,True,False,Pf3D7_09_v3
chr9,597966,C,T,True,False,Pf3D7_09_v3
chr9,599322,G,A,True,False,Pf3D7_09_v3
chr9,602381,C,T,True,False,Pf3D7_09_v3
chr9,602885,G,A,True,False,Pf3D7_09_v3
chr9,631776,C,T,True,False,Pf3D7_09_v3
chr9,650981,A,G,True,False,Pf3D7_09_v3
chr9,653234,A,G,True,False,Pf3D7_09_v3
chr9,677379,T,C,True,False,Pf3D7_09_v3
chr9,678111,A,C,True,False,Pf3D7_09_v3
chr9,678471,A,G,True,False,Pf3D7_09_v3
chr9,681785,T,C,True,False,Pf3D7_09_v3
chr9,685667,C,A,True,False,Pf3D7_09_v3
chr9,706643,C,T,True,False,Pf3D7_09_v3
chr9,738710,A,C,True,False,Pf3D7_09_v3
chr9,739616,T,C,True,False,Pf3D7_09_v3
chr9,770345,C,T,True,False,Pf3D7_09_v3
chr9,817567,T,C,True,False,Pf3D7_09_v3
chr9,831911,C,T,True,False,Pf3D7_09_v3
chr9,850783,C,T,True,False,Pf3D7_09_v3
chr9,880928,G,T,True,False,Pf3D7_09_v3
chr9,909944,C,T,True,False,Pf3D7_09_v3
chr9,913616,T,C,True,False,Pf3D7_09_v3
chr9,917264,A,G,True,False,Pf3D7_09_v3
chr9,981718,A,G,True,False,Pf3D7_09_v3
chr9,1015339,T,C,True,False,Pf3D7_09_v3
chr9,1076011,C,T,True,False,Pf3D7_09_v3
chr9,1080391,G,T,True,False,Pf3D7_09_v3
chr9,1080655,A,G,True,False,Pf3D7_09_v3
chr9,1085080,A,C,True,False,Pf3D7_09_v3
chr9,1111456,A,T,True,False,Pf3D7_09_v3
chr9,1129679,C,T,True,False,Pf3D7_09_v3
chr9,1202426,A,C,True,False,Pf3D7_09_v3
chr9,1202447,T,C,True,False,Pf3D7_09_v3
chr9,1208483,A,C,True,False,Pf3D7_09_v3
chr9,1249583,A,G,True,False,Pf3D7_09_v3
chr9,1282210,T,C,True,False,Pf3D7_09_v3
chr9,1289585,T,C,True,False,Pf3D7_09_v3
chr9,1314980,C,T,True,False,Pf3D7_09_v3
chr9,1315442,C,T,True,False,Pf3D7_09_v3
chr9,1316466,C,T,True,False,Pf3D7_09_v3
chr9,1341618,G,T,True,False,Pf3D7_09_v3
chr9,1347188,T,C,True,False,Pf3D7_09_v3
chr9,1406587,G,A,True,False,Pf3D7_09_v3
chr10,113618,A,G,True,True,Pf3D7_10_v3
chr10,113768,C,T,True,True,Pf3D7_10_v3
chr10,115205,G,A,True,True,Pf3D7_10_v3
chr10,661961,A,T,True,True,Pf3D7_10_v3
chr10,808864,T,G,True,True,Pf3D7_10_v3
chr11,241970,A,G,True,True,Pf3D7_11_v3
chr12,532113,A,T,True,True,Pf3D7_12_v3
chr12,684111,T,A,True,True,Pf3D7_12_v3
chr12,841250,G,A,True,True,Pf3D7_12_v3
chr12,943339,C,T,True,True,Pf3D7_12_v3
chr12,944301,G,C,True,True,Pf3D7_12_v3
chr12,949384,G,A,True,True,Pf3D7_12_v3
chr12,953017,T,C,True,True,Pf3D7_12_v3
chr12,1020211,C,T,True,True,Pf3D7_12_v3
chr12,2034711,T,C,True,True,Pf3D7_12_v3
chr12,2051511,A,G,True,True,Pf3D7_12_v3
chr13,1595988,T,C,True,True,Pf3D7_13_v3
chr14,371725,G,A,True,True,Pf3D7_14_v3
chr14,564339,C,T,True,True,Pf3D7_14_v3
chr14,1362042,C,T,True,True,Pf3D7_14_v3
chr14,1636229,C,T,True,True,Pf3D7_14_v3
chr3,140060,T,A,True,True,Pf3D7_03_v3
chr3,805764,C,T,True,True,Pf3D7_03_v3
chr3,812699,C,T,True,True,Pf3D7_03_v3
chr3,823303,C,G,True,True,Pf3D7_03_v3
chr4,738775,G,A,True,True,Pf3D7_04_v3
chr4,802695,C,T,True,True,Pf3D7_04_v3
chr5,626470,C,T,True,True,Pf3D7_05_v3
chr5,743364,G,A,True,True,Pf3D7_05_v3
chr5,897486,A,G,True,True,Pf3D7_05_v3
chr5,910204,G,A,True,True,Pf3D7_05_v3
chr5,1080174,G,A,True,True,Pf3D7_05_v3
chr5,1107403,C,T,True,True,Pf3D7_05_v3
chr5,1133651,A,G,True,True,Pf3D7_05_v3
chr5,1134206,A,G,True,True,Pf3D7_05_v3
chr6,1197298,T,G,True,True,Pf3D7_06_v3
chr6,1235507,C,T,True,True,Pf3D7_06_v3
chr6,1241113,G,A,True,True,Pf3D7_06_v3
chr7,375471,T,A,True,True,Pf3D7_07_v3
chr7,384302,C,T,True,True,Pf3D7_07_v3
chr7,426524,G,A,True,True,Pf3D7_07_v3
chr7,435368,T,C,True,True,Pf3D7_07_v3
chr7,435497,A,T,True,True,Pf3D7_07_v3
chr7,732862,C,T,True,True,Pf3D7_07_v3
chr7,732865,G,A,True,True,Pf3D7_07_v3
chr8,417760,A,G,True,True,Pf3D7_08_v3
chr8,490546,A,G,True,True,Pf3D7_08_v3
chr8,490636,C,G,True,True,Pf3D7_08_v3
chr8,490762,C,T,True,True,Pf3D7_08_v3
chr8,495850,A,G,True,True,Pf3D7_08_v3
chr8,500639,G,A,True,True,Pf3D7_08_v3
chr8,501390,A,C,True,True,Pf3D7_08_v3
chr8,502993,G,A,True,True,Pf3D7_08_v3
chr9,578985,G,A,True,True,Pf3D7_09_v3
chr9,1282630,A,G,True,True,Pf3D7_09_v3
chr9,1379494,A,T,True,True,Pf3D7_09_v3
